Call Sign,Continent,Country,Zone,Frequency,Band,SNR,Timestamp,Spotter
EB5DFU,EU,Spain,14,14080.00,20,+0,1724978795.290749,VE3EID
NC7I,NA,United States,3,14080.00,20,-9,1724978795.291889,VE3EID
W3DEN,NA,United States,5,14080.00,20,-11,1724978795.292331,VE3EID
HI3A,NA,Dominican Republic,8,14080.00,20,+10,1724978795.292737,VE3EID
YT2AAA,EU,Serbia,15,14080.00,20,+33,1724978795.293135,VE3EID
KB1WSE,NA,United States,5,14080.00,20,+8,1724978795.293476,VE3EID
PD1CW,EU,Netherlands,14,14080.00,20,+11,1724978795.293856,VE3EID
OK1SI,EU,Czech Republic,15,14080.00,20,-5,1724978795.294216,VE3EID
YO2MD,EU,Romania,20,14080.00,20,-17,1724978795.294541,VE3EID
LU6HKL,SA,Argentina,13,28074.00,10,-17,1724978795.3951,VE3EID
HI7S,NA,Dominican Republic,8,18100.00,17,+5,1724978799.129883,VE3EID
W5XO,NA,United States,4,18100.00,17,+21,1724978799.324861,VE3EID
KB7WHO,NA,United States,3,18100.00,17,-1,1724978799.326998,VE3EID
JA1OVF,AS,Japan,25,18100.00,17,+1,1724978799.328458,VE3EID
K5EMG,NA,United States,3,18100.00,17,-5,1724978799.329518,VE3EID
AK0DX,NA,United States,4,18100.00,17,-8,1724978799.330306,VE3EID
JA3KVT,AS,Japan,25,18100.00,17,+6,1724978799.330993,VE3EID
N3FCP,NA,United States,5,18100.00,17,-3,1724978799.332356,VE3EID
KB6PE,NA,United States,3,18100.00,17,-14,1724978799.333533,VE3EID
W9CIB,NA,United States,4,18100.00,17,+21,1724978799.463249,VE3EID
KJ4AXB,NA,United States,4,18100.00,17,-18,1724978799.466582,VE3EID
RA0AOO,AS,Asiatic Russia,18,18100.00,17,-8,1724978799.46783,VE3EID
KU4CG,NA,United States,5,18100.00,17,-8,1724978799.477348,VE3EID
NT4M,NA,United States,5,18100.00,17,-15,1724978799.478403,VE3EID
WB5SKM,NA,United States,4,14074.00,20,+29,1724978799.479237,VE3EID
YV5DRN,SA,Venezuela,9,14074.00,20,+14,1724978799.480103,VE3EID
RA6FC,EU,European Russia,16,14074.00,20,+3,1724978799.480944,VE3EID
W5HRH,NA,United States,4,14074.00,20,+14,1724978799.481811,VE3EID
DF8RU,EU,Fed. Rep. of Germany,14,14074.00,20,+9,1724978799.595423,VE3EID
E74K,EU,Bosnia-Herzegovina,15,14074.00,20,+20,1724978799.598613,VE3EID
YO6OGW,EU,Romania,20,14074.00,20,+4,1724978799.600074,VE3EID
KZ4JN,NA,United States,5,14074.00,20,+1,1724978799.601185,VE3EID
RN1CW,EU,European Russia,16,14074.00,20,-2,1724978799.602243,VE3EID
KJ7ZBC,NA,United States,3,14074.00,20,+5,1724978799.723708,VE3EID
K7LUC,NA,United States,5,14074.00,20,-6,1724978799.726495,VE3EID
9A2KS,EU,Croatia,15,14074.00,20,-2,1724978799.727613,VE3EID
M0JUE,EU,England,14,14074.00,20,-10,1724978799.728793,VE3EID
KB1EFS/2,NA,United States,5,14074.00,20,-8,1724978799.729698,VE3EID
OM0RX,EU,Slovak Republic,15,14074.00,20,+0,1724978799.730617,VE3EID
N8NZM,NA,United States,4,14074.00,20,-10,1724978799.732125,VE3EID
N7JZU,NA,United States,3,14074.00,20,+3,1724978799.86676,VE3EID
KF5RUO,NA,United States,4,14074.00,20,-3,1724978799.8695,VE3EID
EA5KB,EU,Spain,14,14074.00,20,+1,1724978799.870987,VE3EID
HP1RY,NA,Panama,7,14074.00,20,-10,1724978799.87214,VE3EID
VE6MOS,NA,Canada,4,14074.00,20,-7,1724978799.873206,VE3EID
LU7MCR,SA,Argentina,13,14074.00,20,-9,1724978799.874099,VE3EID
KT7Y,NA,United States,3,14074.00,20,-10,1724978799.875439,VE3EID
W0/VA3WJ,NA,United States,4,14074.00,20,+5,1724978799.996244,VE3EID
K0LEE,NA,United States,4,14074.00,20,-18,1724978799.998579,VE3EID
NZ1I,NA,United States,5,14074.00,20,-9,1724978799.999626,VE3EID
OE9HGV,EU,Austria,15,14074.00,20,-2,1724978800.000655,VE3EID
MI0NWA,EU,Northern Ireland,14,14074.00,20,+5,1724978800.001784,VE3EID
PD0IFI,EU,Netherlands,14,14074.00,20,+2,1724978800.002884,VE3EID
W7AJE,NA,United States,3,14074.00,20,-5,1724978800.003871,VE3EID
EA3GXK,EU,Spain,14,14074.00,20,-7,1724978800.004928,VE3EID
VA2KS,NA,Canada,5,14074.00,20,-14,1724978800.142803,VE3EID
VA3YEP,NA,Canada,4,14074.00,20,-11,1724978800.146281,VE3EID
K5LOL,NA,United States,4,14074.00,20,-14,1724978800.147571,VE3EID
UN7BI,AS,Kazakhstan,17,14074.00,20,-11,1724978800.148713,VE3EID
EA8BIA,AF,Canary Islands,33,14074.00,20,-3,1724978800.149745,VE3EID
N7DBS,NA,United States,3,14074.00,20,-8,1724978800.150676,VE3EID
KQ4NZB,NA,United States,5,14074.00,20,-2,1724978800.152072,VE3EID
IW0FFI,EU,Italy,15,14074.00,20,-19,1724978800.153058,VE3EID
KB8OTK,NA,United States,4,7074.00,40,+16,1724978800.262482,VE3EID
KC8WGO,NA,United States,4,7074.00,40,+0,1724978800.265099,VE3EID
KB9HUO,NA,United States,4,7074.00,40,+12,1724978800.266442,VE3EID
KC3AK,NA,United States,5,7074.00,40,+17,1724978800.267852,VE3EID
A71UN,AS,Qatar,21,7074.00,40,+3,1724978800.269109,VE3EID
PD1BER,EU,Netherlands,14,7074.00,40,-14,1724978800.270241,VE3EID
W5IPA,NA,United States,4,7074.00,40,+14,1724978800.410003,VE3EID
KE3QZ,NA,United States,5,7074.00,40,+13,1724978800.413578,VE3EID
PC2J,EU,Netherlands,14,7074.00,40,-11,1724978800.414887,VE3EID
K3TJB,NA,United States,5,7074.00,40,-1,1724978800.416305,VE3EID
VK6AS,OC,Australia,29,14074.00,20,-19,1724978800.417467,VE3EID
AB4BC,NA,United States,4,7074.00,40,+11,1724978800.418703,VE3EID
R6DP,EU,European Russia,16,7074.00,40,-13,1724978800.420247,VE3EID
KM4SXE,NA,United States,5,7074.00,40,-6,1724978800.549079,VE3EID
HJ2FHQ,SA,Colombia,9,7074.00,40,-8,1724978800.552388,VE3EID
N8ALB,NA,United States,4,7074.00,40,+8,1724978800.553828,VE3EID
TF2MSN,EU,Iceland,40,7074.00,40,+0,1724978800.555113,VE3EID
VE1JBC,NA,Canada,5,7074.00,40,+9,1724978800.556556,VE3EID
KX5N,NA,United States,4,7074.00,40,+0,1724978800.557761,VE3EID
M7EYP,EU,England,14,7074.00,40,-12,1724978800.559166,VE3EID
F4HAB,EU,France,14,7074.00,40,-12,1724978800.560346,VE3EID
N4V,NA,United States,5,7074.00,40,-5,1724978800.674601,VE3EID
KM2RF,NA,United States,5,7074.00,40,+2,1724978800.678115,VE3EID
W3IHY,NA,United States,5,7074.00,40,+10,1724978800.679536,VE3EID
KA9FOX,NA,United States,4,7074.00,40,-1,1724978800.68057,VE3EID
MM3XIA,EU,Scotland,14,7074.00,40,-15,1724978800.681602,VE3EID
DF1MP,EU,Fed. Rep. of Germany,14,7074.00,40,-19,1724978800.682464,VE3EID
N8BB,NA,United States,4,7074.00,40,-3,1724978800.683389,VE3EID
VA3VTE,NA,Canada,4,7074.00,40,-4,1724978800.685259,VE3EID
OE6OCG,EU,Austria,15,7074.00,40,-12,1724978800.798931,VE3EID
CE2EP,SA,Chile,12,7074.00,40,-18,1724978800.801728,VE3EID
CX8FB,SA,Uruguay,13,7074.00,40,-14,1724978801.084198,VE3EID
N0MHL,NA,United States,4,10136.00,30,+8,1724978801.217444,VE3EID
WM8Q,NA,United States,4,10136.00,30,+3,1724978801.219934,VE3EID
WY0V,NA,United States,4,10136.00,30,+4,1724978801.221465,VE3EID
K1LEC,NA,United States,4,10136.00,30,+10,1724978801.36071,VE3EID
KN4WOJ,NA,United States,5,10136.00,30,+20,1724978801.363499,VE3EID
N4ZZ,NA,United States,4,10136.00,30,+30,1724978801.364923,VE3EID
W7GTF,NA,United States,3,10136.00,30,-1,1724978801.366205,VE3EID
W0GN,NA,United States,4,10136.00,30,+9,1724978801.367189,VE3EID
KY4YI,NA,United States,5,10136.00,30,-1,1724978801.368106,VE3EID
DJ3FS,EU,Fed. Rep. of Germany,14,10136.00,30,-4,1724978801.369914,VE3EID
WA2NBG,NA,United States,5,10136.00,30,-2,1724978801.488899,VE3EID
KC3UCQ,NA,United States,5,10136.00,30,-5,1724978801.492112,VE3EID
DL4CQ,EU,Fed. Rep. of Germany,14,10136.00,30,-9,1724978801.494242,VE3EID
W3SSB,NA,United States,5,10136.00,30,+1,1724978801.495509,VE3EID
K5NBL,NA,United States,4,10136.00,30,-10,1724978801.496475,VE3EID
LZ2VQ,EU,Bulgaria,20,10136.00,30,-13,1724978801.497399,VE3EID
KY4BP,NA,United States,4,10136.00,30,+5,1724978801.49915,VE3EID
UX0FY,EU,Ukraine,16,10136.00,30,-4,1724978801.627191,VE3EID
UA3GX,EU,European Russia,16,10136.00,30,-16,1724978801.630833,VE3EID
OH1LA,EU,Finland,15,10136.00,30,-8,1724978801.632081,VE3EID
RQ3P,EU,European Russia,16,10136.00,30,-16,1724978801.633253,VE3EID
KC9RXM,NA,United States,4,10136.00,30,-10,1724978801.634373,VE3EID
SV3AUW,EU,Greece,20,10136.00,30,-10,1724978801.635657,VE3EID
AG4DW,NA,United States,5,3573.00,80,+2,1724978803.237348,VE3EID
WA8LRW,NA,United States,4,3573.00,80,+7,1724978803.275368,VE3EID
PP5JR,SA,Brazil,11,3573.00,80,-17,1724978803.276068,VE3EID
W4BLD,NA,United States,5,3573.00,80,-10,1724978803.276665,VE3EID
WD9EQU,NA,United States,4,14080.00,20,-11,1724978803.277303,VE3EID
K0WAV,NA,United States,4,14080.00,20,+20,1724978803.387702,VE3EID
KK7UNF,NA,United States,3,14080.00,20,+4,1724978803.388447,VE3EID
VA3MJR,NA,Canada,4,14080.00,20,-10,1724978803.389891,VE3EID
PY7VI,SA,Brazil,11,14080.00,20,+13,1724978803.390902,VE3EID
YV5OIE,SA,Venezuela,9,14080.00,20,+10,1724978803.391433,VE3EID
F4IRP,EU,France,14,14080.00,20,+3,1724978803.392786,VE3EID
W5DD,NA,United States,4,14080.00,20,+6,1724978803.393514,VE3EID
IZ8EFD,EU,Italy,15,14080.00,20,+1,1724978803.394031,VE3EID
N4LJT,NA,United States,5,14080.00,20,-4,1724978803.490591,VE3EID
KC3PIB,NA,United States,5,14080.00,20,-5,1724978803.491246,VE3EID
N0WUS,NA,United States,4,14080.00,20,+9,1724978803.491679,VE3EID
K6NCC,NA,United States,3,21074.00,15,+9,1724978805.182912,VE3EID
W5IM,NA,United States,4,21074.00,15,-1,1724978805.303306,VE3EID
CO2QU,NA,Cuba,8,21074.00,15,+24,1724978805.30478,VE3EID
BD4UN,AS,China,24,21074.00,15,+4,1724978805.305456,VE3EID
PU2UAF,SA,Brazil,11,21074.00,15,+11,1724978805.30604,VE3EID
W7RPS,NA,United States,3,21074.00,15,-7,1724978805.30669,VE3EID
K7CAR,NA,United States,3,21074.00,15,+26,1724978805.400375,VE3EID
W6LED/7,NA,United States,3,21074.00,15,+9,1724978805.401469,VE3EID
LU1MQF,SA,Argentina,13,21074.00,15,+16,1724978805.402168,VE3EID
JF1VTR,AS,Japan,25,21074.00,15,-11,1724978805.402799,VE3EID
AD8IO,NA,United States,4,21074.00,15,-5,1724978805.403409,VE3EID
RC0CD,AS,Asiatic Russia,19,21074.00,15,+10,1724978805.403998,VE3EID
PY2MIG,SA,Brazil,11,21074.00,15,+11,1724978805.404644,VE3EID
N2CEP,NA,United States,5,21074.00,15,-7,1724978805.405324,VE3EID
KD7YOX,NA,United States,3,21074.00,15,+2,1724978805.528206,VE3EID
KO6CKO,NA,United States,3,21074.00,15,-14,1724978805.531325,VE3EID
PY5DF,SA,Brazil,11,21074.00,15,+4,1724978805.532558,VE3EID
JA9DGI,AS,Japan,25,21074.00,15,-12,1724978805.533755,VE3EID
JA1JEJ,AS,Japan,25,21074.00,15,-6,1724978805.534781,VE3EID
K1BG,NA,United States,5,24910.00,12,-18,1724978805.53591,VE3EID
K4YT,NA,United States,5,3573.00,80,+6,1724978809.278946,VE3EID
K3CEV,NA,United States,5,3573.00,80,-14,1724978809.336634,VE3EID
W5MND,NA,United States,4,3573.00,80,-14,1724978809.3377,VE3EID
WS3V,NA,United States,5,3573.00,80,-16,1724978809.338338,VE3EID
K4IU,NA,United States,4,7056.00,40,+12,1724978809.338929,VE3EID
W2SUB,NA,United States,5,7056.00,40,+1,1724978809.339469,VE3EID
KK4BZ,NA,United States,5,7056.00,40,+12,1724978809.340052,VE3EID
WA3ZSC,NA,United States,5,7056.00,40,+14,1724978809.440312,VE3EID
K1BG,NA,United States,5,7056.00,40,+20,1724978809.441336,VE3EID
KK4JFM,NA,United States,5,7056.00,40,+7,1724978809.442252,VE3EID
W9ADG,NA,United States,4,7056.00,40,+12,1724978809.443233,VE3EID
W6UB,NA,United States,4,7056.00,40,+14,1724978809.444198,VE3EID
N5YPJ,NA,United States,4,7056.00,40,-5,1724978809.445104,VE3EID
KD5R,NA,United States,4,7056.00,40,+0,1724978809.44653,VE3EID
K9GA,NA,United States,4,7056.00,40,+7,1724978809.560528,VE3EID
OH3HEI,EU,Finland,15,7056.00,40,-5,1724978809.561725,VE3EID
VE3SCP,NA,Canada,4,7056.00,40,+14,1724978809.562405,VE3EID
K4RCW,NA,United States,5,7056.00,40,+7,1724978809.563195,VE3EID
AE0N,NA,United States,4,7056.00,40,-10,1724978809.563795,VE3EID
N7HCJ,NA,United States,3,7056.00,40,-11,1724978809.564327,VE3EID
UN7AM,AS,Kazakhstan,17,7056.00,40,-12,1724978809.564851,VE3EID
PY2OF,SA,Brazil,11,7056.00,40,+5,1724978809.565417,VE3EID
W8VS,NA,United States,4,7056.00,40,+13,1724978809.672928,VE3EID
N6EB,NA,United States,4,7056.00,40,+6,1724978809.674087,VE3EID
OK2YN,EU,Czech Republic,15,7056.00,40,-9,1724978809.674638,VE3EID
HA1DAE,EU,Hungary,15,7056.00,40,+1,1724978809.675161,VE3EID
OK1TRJ,EU,Czech Republic,15,7056.00,40,-15,1724978809.675687,VE3EID
K3IRV,NA,United States,5,7056.00,40,-1,1724978809.676164,VE3EID
W3VD,NA,United States,5,7056.00,40,-11,1724978809.676927,VE3EID
N9MSG,NA,United States,5,7056.00,40,+10,1724978809.787743,VE3EID
HJ3BJB,SA,Colombia,9,7056.00,40,-4,1724978809.788779,VE3EID
LU2EM,SA,Argentina,13,7056.00,40,-12,1724978809.789388,VE3EID
RU7M,EU,European Russia,16,7056.00,40,+4,1724978809.789985,VE3EID
K5PA,NA,United States,4,7056.00,40,-8,1724978809.790698,VE3EID
VE6JY,NA,Canada,4,7056.00,40,+2,1724978809.791275,VE3EID
WC2F,NA,United States,5,7056.00,40,-11,1724978809.791895,VE3EID
N5RZK,NA,United States,4,7056.00,40,-13,1724978809.92235,VE3EID
WG5G,NA,United States,4,7056.00,40,-9,1724978809.923578,VE3EID
IW7DVM,EU,Italy,15,7056.00,40,-12,1724978809.924248,VE3EID
KE0QEQ,NA,United States,4,14074.00,20,+15,1724978809.924889,VE3EID
9A2TN,EU,Croatia,15,14074.00,20,+8,1724978809.92798,VE3EID
WC4H,NA,United States,5,14074.00,20,+10,1724978809.928663,VE3EID
F5UOU,EU,France,14,14074.00,20,+8,1724978809.929201,VE3EID
K4TMR,NA,United States,5,14074.00,20,+21,1724978810.037782,VE3EID
W4LUF,NA,United States,5,14074.00,20,+8,1724978810.038927,VE3EID
N7QLK,NA,United States,3,14074.00,20,+6,1724978810.039512,VE3EID
SP2EWQ,EU,Poland,15,14074.00,20,+8,1724978810.040072,VE3EID
ND9M,NA,United States,4,14074.00,20,+19,1724978810.040663,VE3EID
KB7YEB,NA,United States,3,14074.00,20,-3,1724978810.041427,VE3EID
KB7ZTI,NA,United States,3,14074.00,20,+11,1724978810.171132,VE3EID
NP3DM,NA,Puerto Rico,8,14074.00,20,+15,1724978810.172325,VE3EID
N7OOS,NA,United States,3,14074.00,20,+5,1724978810.173068,VE3EID
KE4GPS,NA,United States,5,14074.00,20,+2,1724978810.173791,VE3EID
KP4LCA,NA,Puerto Rico,8,14074.00,20,+3,1724978810.174484,VE3EID
WX5ET,NA,United States,4,14074.00,20,+2,1724978810.175211,VE3EID
N7TPR,NA,United States,3,14074.00,20,+3,1724978810.286887,VE3EID
EC3A,EU,Spain,14,14074.00,20,+5,1724978810.287703,VE3EID
K7CTV,NA,United States,3,14074.00,20,+2,1724978810.288134,VE3EID
R7KKO,EU,European Russia,16,14074.00,20,+6,1724978810.288647,VE3EID
K5GGM,NA,United States,4,14074.00,20,-6,1724978810.289099,VE3EID
KI6X,NA,United States,3,14074.00,20,-7,1724978810.289497,VE3EID
G0KPH,EU,England,14,14074.00,20,-6,1724978810.290178,VE3EID
F5RRS,EU,France,14,14074.00,20,+6,1724978810.397272,VE3EID
KD4HOU,NA,United States,5,14074.00,20,-16,1724978810.39838,VE3EID
DK9LF,EU,Fed. Rep. of Germany,14,14074.00,20,-19,1724978810.399005,VE3EID
PA3DOL,EU,Netherlands,14,14074.00,20,-3,1724978810.399636,VE3EID
K5KB,NA,United States,4,14074.00,20,+0,1724978810.40025,VE3EID
DK7ZT,EU,Fed. Rep. of Germany,14,14074.00,20,+5,1724978810.400909,VE3EID
OH6IH,EU,Finland,15,14074.00,20,-9,1724978810.508512,VE3EID
KJ5FEM,NA,United States,4,14074.00,20,-20,1724978810.509843,VE3EID
F4BYA,EU,France,14,14074.00,20,-17,1724978810.51081,VE3EID
KA6DVR,NA,United States,3,14074.00,20,-20,1724978810.511807,VE3EID
AA5KD,NA,United States,4,14074.00,20,-5,1724978810.512803,VE3EID
WA7YEJ,NA,United States,3,14074.00,20,-15,1724978810.513777,VE3EID
EA5HM,EU,Spain,14,14074.00,20,+0,1724978810.514835,VE3EID
IZ8PPI,EU,Italy,15,14074.00,20,-10,1724978810.636057,VE3EID
K4ISG,NA,United States,5,14074.00,20,-21,1724978810.637396,VE3EID
K5MGY,NA,United States,4,14074.00,20,-3,1724978810.63842,VE3EID
LW2EIY,SA,Argentina,13,14074.00,20,+0,1724978810.639246,VE3EID
K1FUG,NA,United States,5,14074.00,20,-14,1724978810.639911,VE3EID
KJ5DYS,NA,United States,4,14074.00,20,-11,1724978810.976892,VE3EID
K7XTN,NA,United States,3,21074.00,15,+5,1724978811.32663,VE3EID
KK7RPI,NA,United States,3,21074.00,15,+0,1724978811.363548,VE3EID
KC9BK,NA,United States,4,21074.00,15,-10,1724978811.366491,VE3EID
PY4BAL,SA,Brazil,11,21074.00,15,+17,1724978811.367809,VE3EID
HL3KPJ,AS,Republic of Korea,25,21074.00,15,+4,1724978811.3691,VE3EID
VA3VD,NA,Canada,4,21074.00,15,+1,1724978811.370263,VE3EID
BG5EIB,AS,China,24,21074.00,15,-10,1724978811.371243,VE3EID
JE1XUL,AS,Japan,25,21074.00,15,-2,1724978811.472246,VE3EID
KF9UG,NA,United States,4,21074.00,15,-10,1724978811.475261,VE3EID
BA7LIP,AS,China,24,21074.00,15,-6,1724978811.477402,VE3EID
JA8RJP,AS,Japan,25,21074.00,15,-12,1724978811.478522,VE3EID
BG2IHF,AS,China,24,21074.00,15,-12,1724978811.479604,VE3EID
KB7RUQ,NA,United States,3,21074.00,15,-8,1724978811.480536,VE3EID
JH7OUW,AS,Japan,25,21074.00,15,-9,1724978811.48147,VE3EID
BD8DEJ,AS,China,24,21074.00,15,+0,1724978811.483183,VE3EID
BG6RJN,AS,China,24,21074.00,15,-15,1724978811.573728,VE3EID
WO8J,NA,United States,4,21074.00,15,-16,1724978811.577258,VE3EID
KK7CAI,NA,United States,3,21074.00,15,+5,1724978811.578628,VE3EID
VE3JM,NA,Canada,4,21074.00,15,-1,1724978811.579735,VE3EID
W8MSS,NA,United States,4,21074.00,15,-13,1724978811.580706,VE3EID
JE2AVU,AS,Japan,25,21074.00,15,-17,1724978811.581595,VE3EID
JH1DSX,AS,Japan,25,21074.00,15,-12,1724978811.583235,VE3EID
BD8SN,AS,China,24,21074.00,15,-9,1724978811.697747,VE3EID
KE6MYA,NA,United States,3,21074.00,15,+0,1724978811.700174,VE3EID
KI5YPD,NA,United States,4,18100.00,17,+17,1724978811.70156,VE3EID
VE6CV,NA,Canada,4,18100.00,17,+19,1724978811.702873,VE3EID
A61BG,AS,United Arab Emirates,21,18100.00,17,+17,1724978811.704175,VE3EID
JH2KAC,AS,Japan,25,18100.00,17,+8,1724978811.804805,VE3EID
K1BZ,NA,United States,5,18100.00,17,-7,1724978811.807309,VE3EID
EA3IMR,EU,Spain,14,18100.00,17,+8,1724978811.8085,VE3EID
K5EK,NA,United States,5,18100.00,17,+3,1724978811.809677,VE3EID
CO8MCL,NA,Cuba,8,18100.00,17,-3,1724978811.908339,VE3EID
KS9J,NA,United States,4,18100.00,17,-6,1724978811.911496,VE3EID
UA0A,AS,Asiatic Russia,18,18100.00,17,-2,1724978811.912458,VE3EID
AB8MO,NA,United States,4,18100.00,17,-10,1724978811.914224,VE3EID
KE2FP,NA,United States,5,18100.00,17,-5,1724978812.022471,VE3EID
WB3EGD,NA,United States,5,18100.00,17,-14,1724978812.025861,VE3EID
JA4FQU,AS,Japan,25,18100.00,17,-10,1724978812.027015,VE3EID
KX4QC,NA,United States,5,18100.00,17,-4,1724978812.028119,VE3EID
WB8SCG,NA,United States,4,18100.00,17,-7,1724978812.029022,VE3EID
AK7ER,NA,United States,3,18100.00,17,-10,1724978812.030358,VE3EID
V31DL,NA,Belize,7,24915.00,12,+36,1724978812.136459,VE3EID
XE2YWB,NA,Mexico,6,24915.00,12,-6,1724978812.139517,VE3EID
YO9FQT,EU,Romania,20,10131.00,30,-8,1724978812.141405,VE3EID
K7HP,NA,United States,3,10131.00,30,+11,1724978812.142817,VE3EID
PY2OC,SA,Brazil,11,10131.00,30,-10,1724978812.266282,VE3EID
WA6MEM,NA,United States,3,10131.00,30,+1,1724978812.275449,VE3EID
VE7XOJ,NA,Canada,3,14080.00,20,-7,1724978813.476288,VE3EID
KF9KV,NA,United States,4,1840.00,160,-21,1724978813.477065,VE3EID
N0QDS,NA,United States,4,10136.00,30,+13,1724978813.477533,VE3EID
K8OS,NA,United States,4,10136.00,30,+7,1724978813.598088,VE3EID
WX9EM,NA,United States,4,10136.00,30,+17,1724978813.599051,VE3EID
WD4LRC,NA,United States,5,10136.00,30,-4,1724978813.599787,VE3EID
K0KAT,NA,United States,4,10136.00,30,+2,1724978813.600517,VE3EID
AK9B,NA,United States,4,10136.00,30,-9,1724978813.601245,VE3EID
9A4AA,EU,Croatia,15,10136.00,30,-6,1724978813.704206,VE3EID
ZP5DA,SA,Paraguay,11,10136.00,30,-12,1724978813.705147,VE3EID
LA9JKA,EU,Norway,14,10136.00,30,+2,1724978813.705708,VE3EID
W3ACO,NA,United States,4,10136.00,30,+8,1724978813.706246,VE3EID
N1EN,NA,United States,5,10136.00,30,-14,1724978813.706764,VE3EID
AD8FD,NA,United States,4,10136.00,30,-6,1724978813.707255,VE3EID
CT2HEX,EU,Portugal,14,10136.00,30,-1,1724978813.70775,VE3EID
CX2SA,SA,Uruguay,13,10136.00,30,-6,1724978813.708282,VE3EID
G8BCG,EU,England,14,10136.00,30,-9,1724978813.812678,VE3EID
CO2JLV,NA,Cuba,8,10136.00,30,-17,1724978813.813389,VE3EID
EA1IOK,EU,Spain,14,10136.00,30,+2,1724978813.813799,VE3EID
KB4YKC,NA,United States,5,10136.00,30,-15,1724978813.814239,VE3EID
DJ1AA,EU,Fed. Rep. of Germany,14,10136.00,30,-2,1724978813.814662,VE3EID
EB5R,EU,Spain,14,10136.00,30,-11,1724978813.930997,VE3EID
PY2RPM,SA,Brazil,11,10136.00,30,-16,1724978813.932063,VE3EID
SQ8W,EU,Poland,15,10136.00,30,-5,1724978813.932828,VE3EID
VE4DXR,NA,Canada,4,10136.00,30,-8,1724978813.933782,VE3EID
K8BL,NA,United States,4,10136.00,30,-15,1724978813.934546,VE3EID
KI5YOL,NA,United States,4,10136.00,30,-9,1724978814.055829,VE3EID
KF9JF,NA,United States,4,10136.00,30,-12,1724978814.056658,VE3EID
WD4FJF,NA,United States,5,10136.00,30,-15,1724978814.057089,VE3EID
AA0AM,NA,United States,4,14080.00,20,-15,1724978814.057509,VE3EID
KI5RAT,NA,United States,4,14080.00,20,+11,1724978814.162205,VE3EID
VE3NYZ,NA,Canada,4,7074.00,40,+7,1724978815.247693,VE3EID
N3DAW,NA,United States,5,7074.00,40,+16,1724978815.35541,VE3EID
AD4K,NA,United States,5,7074.00,40,+12,1724978815.356481,VE3EID
K0ILP,NA,United States,4,7074.00,40,-4,1724978815.357032,VE3EID
K2DEC,NA,United States,5,7074.00,40,+0,1724978815.357922,VE3EID
F5NNN,EU,France,14,7074.00,40,-13,1724978815.478838,VE3EID
KC2BME,NA,United States,5,7074.00,40,+2,1724978815.479951,VE3EID
YO6LM,EU,Romania,20,7074.00,40,-14,1724978815.48054,VE3EID
WA9TBA,NA,United States,4,7074.00,40,+7,1724978815.481127,VE3EID
CT2GQA,EU,Portugal,14,7074.00,40,-5,1724978815.600561,VE3EID
CT3MD,AF,Madeira Islands,33,7074.00,40,-5,1724978815.601441,VE3EID
K1NEM,NA,United States,5,7074.00,40,-6,1724978815.601978,VE3EID
WA1ECA,NA,United States,5,7074.00,40,+12,1724978815.602597,VE3EID
F5OYA/P,EU,France,14,7074.00,40,-17,1724978815.603151,VE3EID
AA2JL,NA,United States,5,7074.00,40,-9,1724978815.603566,VE3EID
WA8CAC,NA,United States,4,7074.00,40,+5,1724978815.604023,VE3EID
AD4YJ,NA,United States,5,7074.00,40,+11,1724978815.711801,VE3EID
VE3CGD,NA,Canada,4,7074.00,40,+4,1724978815.712579,VE3EID
KN4ZVJ,NA,United States,5,7074.00,40,-4,1724978815.712997,VE3EID
HB9VAA,EU,Switzerland,14,7074.00,40,-11,1724978815.713399,VE3EID
F4LOY,EU,France,14,7074.00,40,-13,1724978815.713925,VE3EID
VE3CVL,NA,Canada,4,7074.00,40,+5,1724978815.824014,VE3EID
R6HY,EU,European Russia,16,7074.00,40,-6,1724978815.824953,VE3EID
HC2FG,SA,Ecuador,10,7074.00,40,-11,1724978815.825541,VE3EID
GM7JQK,EU,Scotland,14,7074.00,40,-17,1724978815.82615,VE3EID
KG4AFY,NA,Guantanamo Bay,8,3573.00,80,-20,1724978817.358276,VE3EID
7L2QAD,AS,Japan,25,18100.00,17,+8,1724978817.586402,VE3EID
RX0AT,AS,Asiatic Russia,18,18100.00,17,-3,1724978817.587739,VE3EID
BA6KC,AS,China,24,18100.00,17,-13,1724978817.588525,VE3EID
W4MRJ,NA,United States,5,18100.00,17,-13,1724978817.589305,VE3EID
LU6XQB,SA,Argentina,13,18100.00,17,-12,1724978817.590147,VE3EID
KA9ONW,NA,United States,4,21091.00,15,-8,1724978817.71337,VE3EID
LU9RBE,SA,Argentina,13,21074.00,15,+18,1724978817.714469,VE3EID
AI5CD,NA,United States,4,18100.00,17,-15,1724978817.715165,VE3EID
RC0CC,AS,Asiatic Russia,19,21074.00,15,+14,1724978817.830259,VE3EID
K0VN,NA,United States,4,21074.00,15,-4,1724978817.831526,VE3EID
K7FR,NA,United States,3,21074.00,15,+6,1724978817.946761,VE3EID
BH8AVW,AS,China,24,21074.00,15,-6,1724978817.950105,VE3EID
N5JIM,NA,United States,4,21074.00,15,-13,1724978818.082547,VE3EID
N7IY,NA,United States,3,21074.00,15,-1,1724978818.085571,VE3EID
K4QAL,NA,United States,5,14074.00,20,+3,1724978818.59708,VE3EID
GM4VAC,EU,Scotland,14,14074.00,20,-3,1724978818.598003,VE3EID
K6MU,NA,United States,3,14074.00,20,-12,1724978818.663246,VE3EID
G3WGC,EU,England,14,14074.00,20,-15,1724978818.664413,VE3EID
ON1JP,EU,Belgium,14,14074.00,20,-8,1724978818.665184,VE3EID
EK/R2GEO,AS,Armenia,21,14074.00,20,-8,1724978818.768202,VE3EID
PD3JAG,EU,Netherlands,14,14074.00,20,-12,1724978818.76952,VE3EID
WM9K,NA,United States,4,7074.00,40,+12,1724978819.386451,VE3EID
W1IX,NA,United States,5,7074.00,40,+10,1724978819.387647,VE3EID
KA1VRF,NA,United States,5,7074.00,40,-2,1724978819.506677,VE3EID
OS4K,EU,Belgium,14,7074.00,40,-16,1724978819.8251,VE3EID
FG/F4IDN,NA,Guadeloupe,8,7074.00,40,-4,1724978819.825831,VE3EID
VE1KEV,NA,Canada,5,7074.00,40,+4,1724978819.829303,VE3EID
AK4BW,NA,United States,5,7074.00,40,+3,1724978819.870322,VE3EID
N1DCH,NA,United States,5,14080.00,20,-10,1724978819.871286,VE3EID
KI4MCW,NA,United States,5,10136.00,30,+7,1724978821.771421,VE3EID
KB9FIN,NA,United States,4,10136.00,30,+3,1724978821.772344,VE3EID
KB9RUG,NA,United States,4,10136.00,30,+10,1724978821.77311,VE3EID
KD0XD,NA,United States,4,10136.00,30,-3,1724978821.86101,VE3EID
KF6JXM,NA,United States,3,10136.00,30,-9,1724978821.861997,VE3EID
AC4OW,NA,United States,5,10136.00,30,-13,1724978821.983488,VE3EID
W8YA,NA,United States,4,24910.00,12,-17,1724978822.101911,VE3EID
WA4YJY,NA,United States,5,3573.00,80,-15,1724978823.512401,VE3EID
W8YA,NA,United States,4,7056.00,40,+18,1724978823.515184,VE3EID
W4ABF,NA,United States,5,7056.00,40,+11,1724978823.557171,VE3EID
K4JKB,NA,United States,5,7056.00,40,+11,1724978823.559108,VE3EID
K1EDG,NA,United States,5,7056.00,40,+14,1724978823.670942,VE3EID
IS0KEB,EU,Sardinia,15,7056.00,40,-18,1724978823.797156,VE3EID
EA4SG,EU,Spain,14,7056.00,40,-10,1724978823.798787,VE3EID
DL7UML,EU,Fed. Rep. of Germany,14,7056.00,40,-16,1724978823.914633,VE3EID
SP2I,EU,Poland,15,7056.00,40,-3,1724978824.046017,VE3EID
EY8MM,AS,Tajikistan,17,7056.00,40,-13,1724978824.047745,VE3EID
N3RA,NA,United States,4,7056.00,40,+1,1724978824.048706,VE3EID
SP2BUC,EU,Poland,15,7056.00,40,-15,1724978824.049564,VE3EID
RW9LL,AS,Asiatic Russia,17,7056.00,40,-15,1724978824.050476,VE3EID
K6CSG,NA,United States,3,14074.00,20,-5,1724978825.559183,VE3EID
DJ0MAB,EU,Fed. Rep. of Germany,14,14074.00,20,-7,1724978825.595804,VE3EID
PP5SB,SA,Brazil,11,14074.00,20,-6,1724978825.71412,VE3EID
DK8FG,EU,Fed. Rep. of Germany,14,14074.00,20,+3,1724978825.715556,VE3EID
9A4ZM,EU,Croatia,15,14074.00,20,-8,1724978825.716287,VE3EID
KC8VMG,NA,United States,4,14074.00,20,-14,1724978825.832006,VE3EID
KI6PU,NA,United States,3,14074.00,20,-19,1724978825.83349,VE3EID
CO2LKY,NA,Cuba,8,14074.00,20,+0,1724978825.947512,VE3EID
SP5LST,EU,Poland,15,14074.00,20,-2,1724978825.949525,VE3EID
WA5SQA,NA,United States,4,14074.00,20,+6,1724978826.067116,VE3EID
SV1MOZ,EU,Greece,20,14074.00,20,-10,1724978826.068473,VE3EID
HK4SAN,SA,Colombia,9,14074.00,20,-8,1724978826.069411,VE3EID
K4PTD,NA,United States,5,14074.00,20,-2,1724978826.174578,VE3EID
F5IYG,EU,France,14,10131.00,30,-3,1724978826.288571,VE3EID
LU8EMI,SA,Argentina,13,14074.00,20,-1,1724978826.403595,VE3EID
WU4H,NA,United States,5,14074.00,20,-18,1724978826.405134,VE3EID
N7ABV,NA,United States,3,21074.00,15,-12,1724978827.542027,VE3EID
JG2PQN,AS,Japan,25,21074.00,15,-4,1724978827.595681,VE3EID
JA3OMA,AS,Japan,25,21074.00,15,+9,1724978827.598481,VE3EID
N7FQB,NA,United States,3,21074.00,15,+13,1724978827.710356,VE3EID
W4GY,NA,United States,5,21074.00,15,-12,1724978827.713196,VE3EID
KI5ZUT,NA,United States,4,21074.00,15,-11,1724978827.714323,VE3EID
VK2ZLX,OC,Australia,30,21074.00,15,-13,1724978827.715514,VE3EID
N6GR,NA,United States,4,21074.00,15,-7,1724978827.716862,VE3EID
JR1BLX,AS,Japan,25,18100.00,17,-7,1724978827.834641,VE3EID
N6NFB,NA,United States,3,18100.00,17,-11,1724978828.264321,VE3EID
N1AH,NA,United States,5,18100.00,17,-4,1724978828.341366,VE3EID
KD0TTG,NA,United States,4,10136.00,30,+4,1724978829.655982,VE3EID
YO5OED,EU,Romania,20,10136.00,30,-16,1724978829.716744,VE3EID
KJ7WLL,NA,United States,3,14080.00,20,+6,1724978829.963692,VE3EID
K8HF,NA,United States,4,14080.00,20,-7,1724978830.07554,VE3EID
WJ4K,NA,United States,5,7074.00,40,+9,1724978830.203003,VE3EID
KD2SER,NA,United States,5,7074.00,40,+4,1724978830.204535,VE3EID
WB2ESF,NA,United States,5,7074.00,40,+3,1724978830.347485,VE3EID
ON7KEC,EU,Belgium,14,7074.00,40,-14,1724978830.461615,VE3EID
MM0DSP,EU,Scotland,14,7074.00,40,-14,1724978830.576338,VE3EID
KI5YPD,NA,United States,4,7074.00,40,-7,1724978830.577344,VE3EID
KD4YXM,NA,United States,5,7074.00,40,-7,1724978830.578307,VE3EID
AC3IK,NA,United States,5,7074.00,40,-13,1724978830.695433,VE3EID
K5KHK,NA,United States,4,7074.00,40,+3,1724978830.696754,VE3EID
DL3MIB,EU,Fed. Rep. of Germany,14,7074.00,40,-15,1724978830.697535,VE3EID
LU4PAW,SA,Argentina,13,28074.00,10,-19,1724978839.393274,VE3EID
KM6NFV,NA,United States,3,18100.00,17,+8,1724978839.793611,VE3EID
7K1III,AS,Japan,25,18100.00,17,-14,1724978839.795363,VE3EID
N4NJJ,NA,United States,5,18100.00,17,-15,1724978839.796088,VE3EID
SP7JLH,EU,Poland,15,18100.00,17,-16,1724978839.796828,VE3EID
WP4QPZ,NA,Puerto Rico,8,14074.00,20,-7,1724978842.046327,VE3EID
KA6VKP,NA,United States,3,14074.00,20,-24,1724978842.048015,VE3EID
VU2UAT,AS,India,22,14074.00,20,-15,1724978842.049213,VE3EID
KN6KBS,NA,United States,3,14074.00,20,-11,1724978842.050691,VE3EID
KJ5AJO,NA,United States,4,14074.00,20,-23,1724978842.052075,VE3EID
W9JCR,NA,United States,4,14074.00,20,-15,1724978842.143131,VE3EID
R2DN,EU,European Russia,16,14074.00,20,-10,1724978842.256415,VE3EID
KF0RIK,NA,United States,4,14074.00,20,-13,1724978842.259629,VE3EID
AK6HN,NA,United States,3,21074.00,15,-12,1724978842.726078,VE3EID
VK4PSM,OC,Australia,30,21074.00,15,-17,1724978842.729572,VE3EID
KW6E,NA,United States,3,14080.00,20,-10,1724978844.095312,VE3EID
KD8IAK,NA,United States,4,7074.00,40,+20,1724978844.251893,VE3EID
WA2NBG,NA,United States,5,7074.00,40,+6,1724978844.254612,VE3EID
PA3KUS,EU,Netherlands,14,7074.00,40,-13,1724978844.542871,VE3EID
HI8SDR,NA,Dominican Republic,8,7056.00,40,+11,1724978855.66618,VE3EID
HI8T,NA,Dominican Republic,8,7056.00,40,+0,1724978855.712383,VE3EID
N2AMG,NA,United States,5,7056.00,40,+14,1724978855.71485,VE3EID
KB2ZPB,NA,United States,5,7056.00,40,+9,1724978855.837158,VE3EID
VE3FZ,NA,Canada,4,7056.00,40,+4,1724978855.958899,VE3EID
GI7NKK,EU,Northern Ireland,14,7056.00,40,-16,1724978856.079348,VE3EID
W2KYM,NA,United States,5,7056.00,40,-13,1724978856.081194,VE3EID
PY5VB,SA,Brazil,11,7056.00,40,-11,1724978856.082477,VE3EID
KX4YD,NA,United States,5,14074.00,20,+0,1724978856.718421,VE3EID
KY4WI,NA,United States,5,14074.00,20,+7,1724978856.839705,VE3EID
VE5RJK,NA,Canada,4,14074.00,20,-2,1724978856.969838,VE3EID
G8IXM,EU,England,14,14074.00,20,-17,1724978857.406707,VE3EID
SV1EAG,EU,Greece,20,14074.00,20,-11,1724978857.409583,VE3EID
NJ1V,NA,United States,5,21074.00,15,+6,1724978857.714032,VE3EID
JA9CEI,AS,Japan,25,21074.00,15,+4,1724978857.717233,VE3EID
KO6ECA,NA,United States,3,21074.00,15,-13,1724978857.786022,VE3EID
KA1MXL,NA,United States,5,10136.00,30,-15,1724978858.226207,VE3EID
K1CXS,NA,United States,5,10136.00,30,-18,1724978858.374626,VE3EID
KK5JY,NA,United States,4,14080.00,20,+16,1724978859.610913,VE3EID
OE5WRO/P,EU,Austria,15,14080.00,20,-1,1724978859.738913,VE3EID
KA1ERL,NA,United States,5,7074.00,40,+13,1724978859.870021,VE3EID
N8AM,NA,United States,4,7074.00,40,+1,1724978859.994444,VE3EID
VE3BTS,NA,Canada,4,7074.00,40,+0,1724978859.998472,VE3EID
CX8DSK,SA,Uruguay,13,7074.00,40,-17,1724978860.376653,VE3EID
DL7AOJ,EU,Fed. Rep. of Germany,14,10136.00,30,-4,1724978870.104124,VE3EID
DD5GG,EU,Fed. Rep. of Germany,14,10136.00,30,-5,1724978870.10671,VE3EID
YO6OXE,EU,Romania,20,14074.00,20,-2,1724978872.050571,VE3EID
K9PA,NA,United States,4,14074.00,20,-12,1724978872.357767,VE3EID
JJ1EJN,AS,Japan,25,18100.00,17,-6,1724978872.541972,VE3EID
W9HZ,NA,United States,4,18100.00,17,-13,1724978872.694737,VE3EID
N3OBA,NA,United States,5,18100.00,17,-13,1724978872.698044,VE3EID
W9CY,NA,United States,4,18100.00,17,-13,1724978872.699378,VE3EID
AC4ZH,NA,United States,5,18100.00,17,-18,1724978872.706865,VE3EID
DS1TUW,AS,Republic of Korea,25,18100.00,17,-9,1724978872.833095,VE3EID
KQ4HZK,NA,United States,5,7074.00,40,+6,1724978872.972839,VE3EID
2E0NJK,EU,England,14,7074.00,40,-11,1724978873.483985,VE3EID
AJ4EW,NA,United States,5,21074.00,15,-11,1724978874.186641,VE3EID
N6XOR,NA,United States,3,21074.00,15,-13,1724978874.189561,VE3EID
JA2LMY,AS,Japan,25,21074.00,15,-18,1724978874.765795,VE3EID
K4VTE,NA,United States,5,7056.00,40,+6,1724978885.918407,VE3EID
AB4KN,NA,United States,5,7056.00,40,-6,1724978885.921941,VE3EID
PY5EJ,SA,Brazil,11,7056.00,40,-14,1724978886.077231,VE3EID
RA3RGQ,EU,European Russia,16,7056.00,40,-19,1724978886.279517,VE3EID
AA5UN,NA,United States,4,7056.00,40,-5,1724978886.283131,VE3EID
N0IS,NA,United States,4,14074.00,20,-6,1724978888.130602,VE3EID
N0LWF,NA,United States,4,14074.00,20,+10,1724978888.263732,VE3EID
SP6EA,EU,Poland,15,14074.00,20,-6,1724978888.266674,VE3EID
AD8IF,NA,United States,4,14074.00,20,-10,1724978888.421292,VE3EID
ZB3Y,EU,Gibraltar,14,14074.00,20,-14,1724978888.569187,VE3EID
KD2VRL,NA,United States,5,7074.00,40,+11,1724978891.859218,VE3EID
UW5ZM,EU,Ukraine,16,7074.00,40,-5,1724978892.010576,VE3EID
WY4D,NA,United States,5,7074.00,40,-1,1724978892.183941,VE3EID
AH0U,NA,United States,3,18100.00,17,+4,1724978895.910102,VE3EID
JA7QVK,AS,Japan,25,18100.00,17,+1,1724978895.998217,VE3EID
JH2BJL,AS,Japan,25,18100.00,17,-17,1724978896.130381,VE3EID
KM4RL,NA,United States,5,18100.00,17,-13,1724978896.134119,VE3EID
KQ4MHE,NA,United States,5,21074.00,15,-20,1724978904.203732,VE3EID
LW4EIN,SA,Argentina,13,21074.00,15,-8,1724978904.387699,VE3EID
AA4U,NA,United States,4,18100.00,17,-14,1724978912.080319,VE3EID
N2TC,NA,United States,5,18100.00,17,-3,1724978912.083431,VE3EID
KA0TIX,NA,United States,4,18100.00,17,-8,1724978912.220117,VE3EID
KB3NG,NA,United States,5,14074.00,20,-11,1724978912.600828,VE3EID
JH0BQN,AS,Japan,25,21074.00,15,-16,1724978918.159808,VE3EID
IT9VCE,EU,Sicily,15,21074.00,15,-17,1724978918.642226,VE3EID
PY4PTO,SA,Brazil,11,7074.00,40,-16,1724978920.693321,VE3EID
PY2RPM,SA,Brazil,11,7074.00,40,-15,1724978921.100562,VE3EID
JH2QXG,AS,Japan,25,18100.00,17,+2,1724978922.204462,VE3EID
K9BR,NA,United States,4,18100.00,17,-6,1724978922.336774,VE3EID
JA9BSL,AS,Japan,25,18100.00,17,-8,1724978922.340122,VE3EID
JA4HEU,AS,Japan,25,18100.00,17,-4,1724978922.34176,VE3EID
GB1URC,EU,England,14,18100.00,17,-19,1724978922.533926,VE3EID
KC4YAO,NA,United States,5,14074.00,20,+6,1724978924.376734,VE3EID
KL7HFI,NA,Alaska,1,14074.00,20,-14,1724978924.380868,VE3EID
DK3JW,EU,Fed. Rep. of Germany,14,14074.00,20,-13,1724978924.684283,VE3EID
VE3APT,NA,Canada,4,7074.00,40,+17,1724978924.991107,VE3EID
N4TQ,NA,United States,5,7074.00,40,+5,1724978924.99479,VE3EID
PB2A,EU,Netherlands,14,7074.00,40,-13,1724978925.467336,VE3EID
KC9GPY,NA,United States,4,7056.00,40,-2,1724978925.619003,VE3EID
W7WXR,NA,United States,3,7056.00,40,-1,1724978925.787453,VE3EID
K4VIG,NA,United States,4,7056.00,40,+13,1724978925.945887,VE3EID
K1XE,NA,United States,5,10131.00,30,-11,1724978926.113469,VE3EID
VK4ZD,OC,Australia,30,24915.00,12,-18,1724978926.323956,VE3EID
VA7AQ,NA,Canada,3,14080.00,20,-2,1724978928.677889,VE3EID
BG9MM,AS,China,23,21074.00,15,+16,1724978929.029087,VE3EID
JP2SYS,AS,Japan,25,21074.00,15,-18,1724978929.030276,VE3EID
K7UV,NA,United States,3,21074.00,15,-21,1724978929.208986,VE3EID
KB1HKN,NA,United States,5,18100.00,17,-12,1724978930.169245,VE3EID
JJ1VGA,AS,Japan,25,18100.00,17,-10,1724978930.170433,VE3EID
KC0INQ,NA,United States,4,18100.00,17,-11,1724978930.354362,VE3EID
WX8V,NA,United States,4,18100.00,17,-9,1724978930.357727,VE3EID
WB5RNS,NA,United States,4,7074.00,40,+5,1724978934.617814,VE3EID
KR5EEE,NA,United States,4,7074.00,40,+7,1724978934.621254,VE3EID
DC3DJ,EU,Fed. Rep. of Germany,14,7074.00,40,-12,1724978934.924321,VE3EID
RW6HP,EU,European Russia,16,14074.00,20,-3,1724978935.044532,VE3EID
KW6E,NA,United States,3,14074.00,20,-11,1724978935.239598,VE3EID
K8TB,NA,United States,4,14074.00,20,-5,1724978935.242107,VE3EID
K4QAL,NA,United States,5,10136.00,30,-8,1724978935.845547,VE3EID
KG4JOK,NA,Guantanamo Bay,8,10136.00,30,-5,1724978935.847679,VE3EID
KT7Y,NA,United States,3,14080.00,20,+1,1724978936.256162,VE3EID
BAND,AS,China,24,21074.00,15,-2,1724978938.381203,VE3EID
JA4BWN,AS,Japan,25,21074.00,15,-6,1724978938.543955,VE3EID
HZ1LR,AS,Saudi Arabia,21,14080.00,20,+6,1724978944.275586,VE3EID
KO4UMQ,NA,United States,4,7074.00,40,+6,1724978946.357933,VE3EID
AD0AA,NA,United States,4,7074.00,40,-14,1724978946.53303,VE3EID
VE3WGH,NA,Canada,4,7074.00,40,+1,1724978946.536329,VE3EID
W9RNR,NA,United States,4,7074.00,40,+7,1724978946.705581,VE3EID
WA6QGY,NA,United States,3,18100.00,17,-16,1724978947.718329,VE3EID
W9YI,NA,United States,4,14074.00,20,+1,1724978948.604586,VE3EID
NA6JD,NA,United States,3,14074.00,20,-5,1724978948.608596,VE3EID
DG5PW,EU,Fed. Rep. of Germany,14,14074.00,20,-13,1724978948.61003,VE3EID
KB1IKD,NA,United States,5,14074.00,20,-10,1724978948.769515,VE3EID
K5RFK,NA,United States,4,14074.00,20,-8,1724978948.91958,VE3EID
WC2F,NA,United States,5,10131.00,30,-7,1724978950.309166,VE3EID
AF0F,NA,United States,4,10131.00,30,-10,1724978950.312235,VE3EID
KO6AEE,NA,United States,3,21074.00,15,-17,1724978950.483713,VE3EID
JA7FLI,AS,Japan,25,21074.00,15,-6,1724978950.48631,VE3EID
W0FLT,NA,United States,4,21074.00,15,-19,1724978950.693178,VE3EID
BD8DOK,AS,China,24,21074.00,15,-7,1724978950.696027,VE3EID
N5ERX,NA,United States,4,21074.00,15,+2,1724978950.697391,VE3EID
VE1UF,NA,Canada,5,10136.00,30,+1,1724978951.200964,VE3EID
RU0ACM,AS,Asiatic Russia,18,7074.00,40,+4,1724978960.524419,VE3EID
N4KJA,NA,United States,5,14074.00,20,+6,1724978961.241177,VE3EID
VE3YK,NA,Canada,4,14074.00,20,-7,1724978961.438487,VE3EID
KM7H,NA,United States,3,14074.00,20,+3,1724978961.603238,VE3EID
VO1SW,NA,Canada,5,14074.00,20,-11,1724978961.606393,VE3EID
WY7RDC,NA,United States,3,14074.00,20,-2,1724978961.755275,VE3EID
AD0CH,NA,United States,4,10136.00,30,-15,1724978962.996458,VE3EID
N4IH,NA,United States,5,10136.00,30,-6,1724978963.007968,VE3EID
JA1JAN,AS,Japan,25,18100.00,17,+15,1724978976.293997,VE3EID
SP9CLQ,EU,Poland,15,18100.00,17,-17,1724978976.771877,VE3EID
LU3JVR,SA,Argentina,13,28074.00,10,-19,1724978976.922668,VE3EID
WB4HUX,NA,United States,5,7056.00,40,-11,1724978977.075564,VE3EID
IU2LVV,EU,Italy,15,7056.00,40,-13,1724978977.379267,VE3EID
VU3WEW,AS,India,22,7056.00,40,-19,1724978977.38248,VE3EID
W1ABY,NA,United States,5,14074.00,20,-20,1724978977.733501,VE3EID
VE3EQM,NA,Canada,4,14074.00,20,-11,1724978978.137328,VE3EID
W5BCA,NA,United States,4,14074.00,20,-9,1724978978.141172,VE3EID
JI1BXD,AS,Japan,25,21074.00,15,-19,1724978979.058469,VE3EID
N1DCH,NA,United States,5,7047.50,40,+15,1724978979.331544,VE3EID
PD1CW,EU,Netherlands,14,14080.00,20,+13,1724978979.489212,VE3EID
YO2MD,EU,Romania,20,14080.00,20,-7,1724978986.533921,VE3EID
HI3A,NA,Dominican Republic,8,14080.00,20,+13,1724978986.536114,VE3EID
YT2AAA,EU,Serbia,15,14080.00,20,+26,1724978986.53702,VE3EID
KB1WSE,NA,United States,5,14080.00,20,+5,1724978986.538076,VE3EID
WF7T,NA,United States,4,1840.00,160,-19,1724978988.377636,VE3EID
PY5XT,SA,Brazil,11,14074.00,20,+0,1724978991.168127,VE3EID
K0PIR,NA,United States,4,7074.00,40,-3,1724978991.654369,VE3EID
KB1PD,NA,United States,5,7074.00,40,+8,1724978991.769373,VE3EID
K5WBD,NA,United States,4,14080.00,20,-11,1724978994.510987,VE3EID
PY7VI,SA,Brazil,11,14080.00,20,+16,1724978994.513996,VE3EID
IZ8EFD,EU,Italy,15,14080.00,20,-2,1724978994.515757,VE3EID
KC3PIB,NA,United States,5,14080.00,20,-2,1724978994.517511,VE3EID
WB2QJ,NA,United States,5,7056.00,40,+13,1724979004.597002,VE3EID
N0EG,NA,United States,4,7056.00,40,+7,1724979004.782687,VE3EID
K0WAV,NA,United States,4,14080.00,20,+17,1724979006.528536,VE3EID
VE7XOJ,NA,Canada,3,14080.00,20,-9,1724979006.531955,VE3EID
N1SFE,NA,United States,5,14080.00,20,-6,1724979006.533214,VE3EID
VA3MJR,NA,Canada,4,14080.00,20,-7,1724979006.651757,VE3EID
W5APO,NA,United States,4,14074.00,20,-1,1724979010.846108,VE3EID
AK6AS,NA,United States,3,14074.00,20,-13,1724979011.186938,VE3EID
N6ACA,NA,United States,3,14074.00,20,-9,1724979011.326093,VE3EID
JK3GHE,AS,Japan,25,18100.00,17,+3,1724979012.748783,VE3EID
JA2KFQ,AS,Japan,25,18100.00,17,+6,1724979012.886114,VE3EID
VK2XAX,OC,Australia,30,24915.00,12,-21,1724979012.889454,VE3EID
EX8KT,AS,Kyrgyzstan,17,18100.00,17,+1,1724979012.890901,VE3EID
W5KY,NA,United States,4,18100.00,17,+11,1724979013.030888,VE3EID
KE2ATD,NA,United States,5,10136.00,30,-17,1724979013.506807,VE3EID
WA2WL,NA,United States,5,10136.00,30,-14,1724979013.510494,VE3EID
JE1LES,AS,Japan,25,21074.00,15,-6,1724979014.591712,VE3EID
JH1BZJ,AS,Japan,25,21074.00,15,-7,1724979014.765871,VE3EID
KI5RAT,NA,United States,4,14074.00,20,+1,1724979031.090916,VE3EID
KJ5BSW,NA,United States,4,14074.00,20,-8,1724979031.488427,VE3EID
KO4LRC,NA,United States,5,7074.00,40,-8,1724979035.094424,VE3EID
VE7LBD,NA,Canada,3,21074.00,15,+1,1724979035.378895,VE3EID
BG5GFU,AS,China,24,21074.00,15,-5,1724979035.74119,VE3EID
K8MC,NA,United States,4,3573.00,80,-12,1724979038.86185,VE3EID
VE3CGD,NA,Canada,4,10136.00,30,-17,1724979039.16832,VE3EID
AC9HP,NA,United States,4,10136.00,30,-5,1724979039.276324,VE3EID
AA0AM,NA,United States,4,14080.00,20,-15,1724979039.279084,VE3EID
W3HDG,NA,United States,5,14080.00,20,-16,1724979039.280687,VE3EID
R3QX,EU,European Russia,16,10131.00,30,-5,1724979042.855369,VE3EID
JK1BSB,AS,Japan,25,21074.00,15,-13,1724979045.005475,VE3EID
4Z5PJ,AS,Israel,20,18100.00,17,-8,1724979045.516807,VE3EID
WP4EJH,NA,Puerto Rico,8,18100.00,17,-10,1724979045.519699,VE3EID
ON4XM,EU,Belgium,14,14074.00,20,-11,1724979047.155841,VE3EID
PA3DZM,EU,Netherlands,14,14074.00,20,-12,1724979047.24751,VE3EID
VE3HZ,NA,Canada,4,7056.00,40,-1,1724979047.872406,VE3EID
YV5LMW,SA,Venezuela,9,7056.00,40,-7,1724979047.954486,VE3EID
W3ACO,NA,United States,4,7074.00,40,+2,1724979051.047974,VE3EID
DM2SP,EU,Fed. Rep. of Germany,14,7074.00,40,-8,1724979051.134482,VE3EID
W3FRG,NA,United States,5,7074.00,40,+12,1724979051.135795,VE3EID
WP3SN,NA,Puerto Rico,8,10136.00,30,+0,1724979051.560102,VE3EID
KO6CTZ,NA,United States,3,14080.00,20,+1,1724979052.073264,VE3EID
YV5OIE,SA,Venezuela,9,14080.00,20,+7,1724979052.155018,VE3EID
KR5EEE,NA,United States,4,14080.00,20,+3,1724979052.158121,VE3EID
OE5WRO/P,EU,Austria,15,14080.00,20,+1,1724979052.160032,VE3EID
AJ6LG,NA,United States,3,24915.00,12,-16,1724979052.787583,VE3EID
KD2STC,NA,United States,5,18100.00,17,-18,1724979057.134055,VE3EID
K8HF,NA,United States,4,7074.00,40,+7,1724979057.610212,VE3EID
BH4UTT,AS,China,24,21074.00,15,-9,1724979058.010643,VE3EID
VA7GEM,NA,Canada,3,14074.00,20,+6,1724979059.239066,VE3EID
AK6CS,NA,United States,3,14074.00,20,-2,1724979059.361825,VE3EID
KC1RFJ,NA,United States,5,14080.00,20,-17,1724979061.493505,VE3EID
AA2Q,NA,United States,4,21090.00,15,-11,1724979063.027075,VE3EID
W4GY,NA,United States,5,18100.00,17,-14,1724979065.22535,VE3EID
RV6LN,EU,European Russia,16,10131.00,30,+3,1724979067.021119,VE3EID
DF9OX,EU,Fed. Rep. of Germany,14,7074.00,40,-2,1724979067.327703,VE3EID
W4KVS,NA,United States,5,7074.00,40,-4,1724979067.541641,VE3EID
K0WAV,NA,United States,4,7074.00,40,-4,1724979067.545886,VE3EID
ON4BN,EU,Belgium,14,14074.00,20,-11,1724979069.582675,VE3EID
JA8KSF,AS,Japan,25,21074.00,15,+6,1724979071.21966,VE3EID
RY9C,AS,Asiatic Russia,17,7056.00,40,-10,1724979073.472141,VE3EID
KB9MYP,NA,United States,4,14080.00,20,-3,1724979074.394334,VE3EID
PY2VA,SA,Brazil,11,21074.00,15,+13,1724979079.413979,VE3EID
UA0AV,AS,Asiatic Russia,18,21074.00,15,+18,1724979079.594497,VE3EID
LW2DJM,SA,Argentina,13,21074.00,15,+0,1724979079.924412,VE3EID
N8UPC,NA,United States,4,7074.00,40,+5,1724979081.152484,VE3EID
KA1VRF,NA,United States,5,3573.00,80,-9,1724979081.563093,VE3EID
KI5QMY,NA,United States,4,14074.00,20,-11,1724979083.405232,VE3EID
WI9K,NA,United States,4,14074.00,20,-10,1724979083.408335,VE3EID
DK7ZT,EU,Fed. Rep. of Germany,14,10136.00,30,+2,1724979084.224203,VE3EID
EB5DFU,EU,Spain,14,14080.00,20,+0,1724979085.147101,VE3EID
KE6MYA,NA,United States,3,14080.00,20,+4,1724979091.08619,VE3EID
W3DEN,NA,United States,5,14080.00,20,-13,1724979091.232069,VE3EID
HC2EP,SA,Ecuador,10,21074.00,15,+9,1724979095.181714,VE3EID
VE3FWZ,NA,Canada,4,21074.00,15,-5,1724979095.184572,VE3EID
KN6KI,NA,United States,3,14074.00,20,+8,1724979097.276708,VE3EID
SM3ULU,EU,Sweden,14,14074.00,20,-17,1724979097.387356,VE3EID
WA1HXH,NA,United States,5,14074.00,20,-8,1724979097.845324,VE3EID
JA7GYP,AS,Japan,25,18100.00,17,+1,1724979098.35566,VE3EID
JH4SBD,AS,Japan,25,18100.00,17,-14,1724979098.408588,VE3EID
UT5EL,EU,Ukraine,16,7056.00,40,+11,1724979098.651606,VE3EID
AA9GE,NA,United States,4,7056.00,40,+6,1724979098.755475,VE3EID
PY2OC,SA,Brazil,11,7056.00,40,-9,1724979098.988969,VE3EID
KJ5DYS,NA,United States,4,7074.00,40,-16,1724979099.892741,VE3EID
KF0IDT,NA,United States,4,14080.00,20,-1,1724979100.360732,VE3EID
K2HA,NA,United States,5,7074.00,40,+13,1724979109.320373,VE3EID
AD0W,NA,United States,4,14074.00,20,-12,1724979111.770732,VE3EID
TA2EE,AS,Asiatic Turkey,20,14074.00,20,-16,1724979111.961359,VE3EID
LU6HZ,SA,Argentina,13,28074.00,10,-18,1724979112.088991,VE3EID
JH8WAH,AS,Japan,25,21074.00,15,+2,1724979113.511029,VE3EID
UX0DL,EU,Ukraine,16,7056.00,40,-9,1724979127.745595,VE3EID
PY2MST,SA,Brazil,11,7056.00,40,-15,1724979127.822935,VE3EID
KO6CTZ,NA,United States,3,21140.00,15,-3,1724979127.823717,VE3EID
KT7Y,NA,United States,3,14080.00,20,+3,1724979141.466325,VE3EID
KQ4EPK,NA,United States,5,3573.00,80,+7,1724979143.412654,VE3EID
K0WAV,NA,United States,4,3573.00,80,-9,1724979143.491533,VE3EID
JH1EGJ,AS,Japan,25,18100.00,17,+6,1724979145.459729,VE3EID
W2PA,NA,United States,5,18100.00,17,+1,1724979145.461174,VE3EID
N9JR,NA,United States,4,18100.00,17,-4,1724979145.568974,VE3EID
VA3SGN,NA,Canada,4,7074.00,40,+5,1724979153.754423,VE3EID
VE6HQ,NA,Canada,4,14074.00,20,-5,1724979160.20653,VE3EID
F08NPG/R,EU,France,14,14074.00,20,-6,1724979160.305524,VE3EID
KD5TKR,NA,United States,4,14074.00,20,-8,1724979160.415819,VE3EID
LU2FWK,SA,Argentina,13,14074.00,20,-13,1724979160.418493,VE3EID
RA0AOO,AS,Asiatic Russia,18,14074.00,20,+2,1724979160.42004,VE3EID
N5SKT,NA,United States,4,21140.00,15,-14,1724979161.618391,VE3EID
WJ4K,NA,United States,5,7047.50,40,+13,1724979164.096712,VE3EID
HZ1LR,AS,Saudi Arabia,21,14080.00,20,+7,1724979165.633242,VE3EID
KA5RBZ,NA,United States,4,7074.00,40,-7,1724979166.14536,VE3EID
JA7MWC,AS,Japan,25,18100.00,17,-13,1724979169.934369,VE3EID
HG8LXL,EU,Hungary,15,14074.00,20,+14,1724979171.879627,VE3EID
KK7MNC,NA,United States,3,14074.00,20,-11,1724979172.063833,VE3EID
N4AKV,NA,United States,5,7056.00,40,-21,1724979174.234653,VE3EID
N1DCH,NA,United States,5,7047.50,40,+12,1724979174.237611,VE3EID
AB6G,NA,United States,3,14080.00,20,-2,1724979175.770472,VE3EID
N4LJT,NA,United States,5,14080.00,20,-8,1724979175.811363,VE3EID
W5BCA,NA,United States,4,14080.00,20,+0,1724979175.814637,VE3EID
YT2AAA,EU,Serbia,15,14080.00,20,+24,1724979175.815865,VE3EID
YO2MD,EU,Romania,20,14080.00,20,-14,1724979175.916111,VE3EID
HI3A,NA,Dominican Republic,8,14080.00,20,+3,1724979175.918934,VE3EID
IZ8EFD,EU,Italy,15,14080.00,20,-2,1724979177.169419,VE3EID
K5DKB,NA,United States,4,10136.00,30,-10,1724979178.040805,VE3EID
WO5E,NA,United States,4,14074.00,20,+11,1724979179.774031,VE3EID
KJ5FFF,NA,United States,4,14074.00,20,-13,1724979180.037641,VE3EID
KA9JDE,NA,United States,4,18100.00,17,-8,1724979180.686136,VE3EID
KC3YVE,NA,United States,5,18100.00,17,-15,1724979180.78841,VE3EID
LU9XJR,SA,Argentina,13,14074.00,20,-15,1724979180.883376,VE3EID
WD4BLY,NA,United States,5,7074.00,40,-2,1724979182.222486,VE3EID
JF2HBM,AS,Japan,25,21074.00,15,-19,1724979182.733904,VE3EID
KC3PIB,NA,United States,5,14080.00,20,-4,1724979182.8502,VE3EID
N5FWB,NA,United States,4,14080.00,20,+8,1724979183.758281,VE3EID
LA7DFA,EU,Norway,14,7056.00,40,-14,1724979186.113348,VE3EID
N6GEE,NA,United States,3,21074.00,15,+1,1724979187.342304,VE3EID
K0KPH,NA,United States,4,21074.00,15,-8,1724979187.344039,VE3EID
JA2FNY,AS,Japan,25,21074.00,15,-7,1724979187.345048,VE3EID
K5WBD,NA,United States,4,14080.00,20,-13,1724979189.799754,VE3EID
KC4YLV,NA,United States,5,14074.00,20,-4,1724979190.414523,VE3EID
VA2VT,NA,Canada,5,7074.00,40,+12,1724979190.721158,VE3EID
KD9HAY,NA,United States,4,7074.00,40,+6,1724979190.724268,VE3EID
DM5OKR,EU,Fed. Rep. of Germany,14,7074.00,40,-5,1724979191.02935,VE3EID
K4RVA,NA,United States,5,10136.00,30,-10,1724979199.979531,VE3EID
VE7XOJ,NA,Canada,3,14080.00,20,-8,1724979200.450353,VE3EID
CX5TS,SA,Uruguay,13,21074.00,15,+9,1724979200.756447,VE3EID
JG1GFU,AS,Japan,25,21074.00,15,-5,1724979200.759619,VE3EID
RT5R,EU,European Russia,16,10131.00,30,-14,1724979213.966882,VE3EID
KE2NJ,NA,United States,5,21074.00,15,-16,1724979214.317551,VE3EID
VE3SCP,NA,Canada,4,24910.00,12,-17,1724979215.888443,VE3EID
K4JKB,NA,United States,5,24910.00,12,-16,1724979215.892371,VE3EID
WB2QJ,NA,United States,5,24910.00,12,-16,1724979215.893789,VE3EID
IW9FRA,EU,Sicily,15,14074.00,20,-15,1724979216.423816,VE3EID
DG9XN,EU,Fed. Rep. of Germany,14,14074.00,20,-13,1724979216.545174,VE3EID
W3DEN,NA,United States,5,14074.00,20,-17,1724979216.752051,VE3EID
KI4DRA,NA,United States,5,18100.00,17,-20,1724979218.164556,VE3EID
W4LB,NA,United States,5,18100.00,17,-21,1724979218.283673,VE3EID
AD8FD,NA,United States,4,7074.00,40,+17,1724979220.111009,VE3EID
RN3DN,EU,European Russia,16,7074.00,40,-5,1724979220.455486,VE3EID
N4TLB,NA,United States,5,7074.00,40,+10,1724979220.576794,VE3EID
KK7UNF,NA,United States,3,14080.00,20,+2,1724979226.151618,VE3EID
LY2BBF,EU,Lithuania,15,14080.00,20,+1,1724979226.155322,VE3EID
WB3CGH,NA,United States,5,18100.00,17,-9,1724979230.146379,VE3EID
KN4ZVJ,NA,United States,5,14074.00,20,+3,1724979231.978364,VE3EID
N7WRH,NA,United States,3,14074.00,20,+14,1724979232.091163,VE3EID
KI5RAT,NA,United States,4,14080.00,20,+2,1724979234.548935,VE3EID
R8LCA,AS,Asiatic Russia,17,10136.00,30,-12,1724979244.282935,VE3EID
EA8RH,AF,Canary Islands,33,14074.00,20,+2,1724979246.040274,VE3EID
CX5ABZ,SA,Uruguay,13,14074.00,20,-2,1724979246.42737,VE3EID
KE4UW,NA,United States,5,7056.00,40,+21,1724979247.143549,VE3EID
HB9MFM,EU,Switzerland,14,7056.00,40,-5,1724979247.451602,VE3EID
R9HAK,AS,Asiatic Russia,18,14080.00,20,+0,1724979266.226902,VE3EID
KZ4FN,NA,United States,5,14074.00,20,-12,1724979270.491543,VE3EID
K5LJB,NA,United States,4,14074.00,20,-13,1724979270.798811,VE3EID
YO4ASD,EU,Romania,20,14080.00,20,+0,1724979272.436627,VE3EID
K8CYV,NA,United States,4,10136.00,30,-12,1724979274.894879,VE3EID
K6PMG,NA,United States,3,21074.00,15,-6,1724979276.398363,VE3EID
WX4D,NA,United States,5,14080.00,20,-3,1724979278.151926,VE3EID
EB5DFU,EU,Spain,14,14080.00,20,-1,1724979278.296678,VE3EID
WJ4K,NA,United States,5,14080.00,20,-10,1724979278.300818,VE3EID
N1SFE,NA,United States,5,14080.00,20,-8,1724979278.440229,VE3EID
NE0NS,NA,United States,4,10131.00,30,-7,1724979282.197552,VE3EID
N2EPE,NA,United States,5,24910.00,12,-13,1724979284.203302,VE3EID
VE3HZ,NA,Canada,4,24910.00,12,-15,1724979284.363721,VE3EID
KE4UW,NA,United States,5,24910.00,12,-16,1724979284.365754,VE3EID
K4IU,NA,United States,4,24910.00,12,-16,1724979284.367078,VE3EID
W4ABF,NA,United States,5,24910.00,12,-18,1724979284.494358,VE3EID
WB5SKM,NA,United States,4,24910.00,12,-16,1724979284.496245,VE3EID
VE7TVE,NA,Canada,3,14074.00,20,+4,1724979284.623093,VE3EID
DD6ZV,EU,Fed. Rep. of Germany,14,14074.00,20,-8,1724979284.756338,VE3EID
PO3NSG/R,OC,Indonesia,28,14074.00,20,+2,1724979285.239048,VE3EID
K8OS,NA,United States,4,7074.00,40,+6,1724979286.898879,VE3EID
KR5EEE,NA,United States,4,7047.50,40,+4,1724979287.387729,VE3EID
YV5OIE,SA,Venezuela,9,14080.00,20,+2,1724979288.362837,VE3EID
KE6MYA,NA,United States,3,14080.00,20,+3,1724979288.491036,VE3EID
N2EPE,NA,United States,5,7056.00,40,+12,1724979288.937104,VE3EID
WB5SKM,NA,United States,4,7056.00,40,+11,1724979289.057971,VE3EID
PY2TIM,SA,Brazil,11,7056.00,40,-16,1724979289.330709,VE3EID
K1OKS,NA,United States,5,21074.00,15,-3,1724979290.385358,VE3EID
F4LOY,EU,France,14,14080.00,20,+0,1724979290.824533,VE3EID
K3KWB,NA,United States,5,7074.00,40,+2,1724979292.419552,VE3EID
AB3AI,NA,United States,5,7074.00,40,+1,1724979292.56475,VE3EID
DS5USH,AS,Republic of Korea,25,14074.00,20,-15,1724979295.477315,VE3EID
K7MOK,NA,United States,3,14080.00,20,-4,1724979298.499293,VE3EID
W2KNG,NA,United States,5,18100.00,17,-11,1724979298.777351,VE3EID
N1TH,NA,United States,5,18100.00,17,-17,1724979298.78043,VE3EID
R9UN,AS,Asiatic Russia,18,18100.00,17,-10,1724979298.930131,VE3EID
AC4OW,NA,United States,5,18100.00,17,-17,1724979298.931937,VE3EID
N6VH,NA,United States,3,10131.00,30,-7,1724979304.411515,VE3EID
AD8IO,NA,United States,4,14074.00,20,-16,1724979306.945594,VE3EID
KC1ELD,NA,United States,5,14080.00,20,-9,1724979308.160374,VE3EID
KO3F,NA,United States,5,7047.50,40,+7,1724979308.53761,VE3EID
KB9ELS,NA,United States,4,21074.00,15,-10,1724979308.540626,VE3EID
WA9BBN,NA,United States,4,7074.00,40,+3,1724979311.349316,VE3EID
4X5MZ,AS,Israel,20,14080.00,20,+6,1724979318.606437,VE3EID
KN4ZVJ,NA,United States,5,10136.00,30,+10,1724979318.927115,VE3EID
OE8HOQ,EU,Austria,15,14074.00,20,-10,1724979324.948641,VE3EID
RA9MX,AS,Asiatic Russia,17,14074.00,20,-13,1724979325.059557,VE3EID
KK6USY,NA,United States,3,14074.00,20,-15,1724979325.062081,VE3EID
KG7FIU,NA,United States,3,14080.00,20,-9,1724979325.377843,VE3EID
KD9LOK,NA,United States,4,14080.00,20,-12,1724979332.853628,VE3EID
K3KE,NA,United States,5,7056.00,40,-9,1724979335.001433,VE3EID
BAFI07SNV3N,AS,China,24,7074.00,40,-1,1724979336.335047,VE3EID
JF1DMY,AS,Japan,25,18100.00,17,+7,1724979337.378821,VE3EID
UT5EL,EU,Ukraine,16,24910.00,12,-20,1724979338.741399,VE3EID
KR5EEE,NA,United States,4,14080.00,20,-1,1724979338.882106,VE3EID
KQ4RSH,NA,United States,5,14080.00,20,+0,1724979339.026794,VE3EID
SP9CLQ,EU,Poland,15,14074.00,20,+6,1724979339.612551,VE3EID
W9AV,NA,United States,4,14074.00,20,-18,1724979339.615741,VE3EID
VA3MJR,NA,Canada,4,14080.00,20,-7,1724979346.793329,VE3EID
K3TJB,NA,United States,5,3573.00,80,-7,1724979348.636928,VE3EID
KZ4T,NA,United States,5,3573.00,80,-10,1724979348.814578,VE3EID
VK2BNG,OC,Australia,30,18100.00,17,-17,1724979352.036841,VE3EID
KB7SAT,NA,United States,3,14074.00,20,+8,1724979352.857721,VE3EID
UA6AFS,EU,European Russia,16,14074.00,20,-11,1724979353.436231,VE3EID
HZ1LR,AS,Saudi Arabia,21,14080.00,20,+5,1724979354.854533,VE3EID
LU1HVK,SA,Argentina,13,28074.00,10,-19,1724979362.978179,VE3EID
KB9MYP,NA,United States,4,14080.00,20,-4,1724979364.895955,VE3EID
HI3A,NA,Dominican Republic,8,14080.00,20,+10,1724979364.899172,VE3EID
KC0INQ,NA,United States,4,10136.00,30,+13,1724979364.901441,VE3EID
DL2HYH,EU,Fed. Rep. of Germany,14,7056.00,40,-9,1724979365.729232,VE3EID
K1EDG,NA,United States,5,24910.00,12,-16,1724979368.933305,VE3EID
N0EG,NA,United States,4,24910.00,12,-11,1724979368.936498,VE3EID
W6UB,NA,United States,4,24910.00,12,-17,1724979369.042835,VE3EID
N9MSG,NA,United States,5,24910.00,12,-19,1724979369.046618,VE3EID
JA6CRP,AS,Japan,25,18100.00,17,-15,1724979369.410727,VE3EID
EA1EWQ,EU,Spain,14,14074.00,20,-5,1724979373.164805,VE3EID
KI5ZUT,NA,United States,4,14074.00,20,-5,1724979373.431937,VE3EID
N1DCH,NA,United States,5,7047.50,40,+9,1724979378.78237,VE3EID
PY7VI,SA,Brazil,11,14080.00,20,+15,1724979378.939606,VE3EID
N4LJT,NA,United States,5,14080.00,20,-6,1724979378.94036,VE3EID
JR1AWN,AS,Japan,25,18100.00,17,-7,1724979385.158623,VE3EID
W5BCA,NA,United States,4,14080.00,20,+9,1724979389.072122,VE3EID
YO2MD,EU,Romania,20,14080.00,20,-9,1724979389.130001,VE3EID
KJ7WLL,NA,United States,3,14074.00,20,-3,1724979389.273751,VE3EID
4L7T,AS,Georgia,21,14074.00,20,-14,1724979389.631205,VE3EID
KD9YOO,NA,United States,4,14074.00,20,-14,1724979389.730385,VE3EID
K1BIF,NA,United States,5,10136.00,30,-16,1724979393.298058,VE3EID
KD2TOK,NA,United States,5,7074.00,40,+21,1724979399.297636,VE3EID
JA8GJV,AS,Japan,25,21074.00,15,-12,1724979401.446739,VE3EID
IZ8EFD,EU,Italy,15,14080.00,20,+1,1724979403.14666,VE3EID
A71UN,AS,Qatar,21,7074.00,40,+2,1724979405.659443,VE3EID
OH6FSO,EU,Finland,15,7074.00,40,-20,1724979405.662576,VE3EID
CO7CRJ,NA,Cuba,8,18100.00,17,+5,1724979409.039098,VE3EID
IZ8DBJ,EU,Italy,15,18100.00,17,+6,1724979409.190717,VE3EID
JQ3JKJ,AS,Japan,25,18100.00,17,-14,1724979409.354981,VE3EID
PY2SRL,SA,Brazil,11,18100.00,17,+3,1724979409.358037,VE3EID
K8ACW,NA,United States,5,18100.00,17,-17,1724979409.359546,VE3EID
N1KM,NA,United States,5,18100.00,17,-11,1724979409.858631,VE3EID
K5NBL,NA,United States,4,10136.00,30,-1,1724979411.189752,VE3EID
WA2NBG,NA,United States,5,10136.00,30,-6,1724979411.192464,VE3EID
EB3JT,EU,Spain,14,10136.00,30,+7,1724979411.193621,VE3EID
W3AWG,NA,United States,4,10136.00,30,-10,1724979411.19481,VE3EID
IK4LZH,EU,Italy,15,10136.00,30,+1,1724979411.196069,VE3EID
LU3HZK,SA,Argentina,13,10136.00,30,-14,1724979411.319493,VE3EID
VE3AT,NA,Canada,4,10136.00,30,-10,1724979411.32244,VE3EID
UA3GX,EU,European Russia,16,10136.00,30,-11,1724979411.479395,VE3EID
VE5PMG,NA,Canada,4,10136.00,30,-10,1724979411.600062,VE3EID
WC4H,NA,United States,5,14074.00,20,+17,1724979411.603105,VE3EID
W3PAK,NA,United States,5,14074.00,20,+25,1724979411.604655,VE3EID
KD7RNO,NA,United States,3,14074.00,20,+4,1724979411.606289,VE3EID
9A2TN,EU,Croatia,15,14074.00,20,+1,1724979411.607704,VE3EID
KJ7ZBC,NA,United States,3,14074.00,20,+7,1724979411.716532,VE3EID
KC2HMD,NA,United States,5,14074.00,20,+5,1724979411.71974,VE3EID
KA7WYR,NA,United States,3,14074.00,20,-4,1724979411.860385,VE3EID
W7VAS,NA,United States,3,14074.00,20,+1,1724979411.863717,VE3EID
WB6WUW,NA,United States,3,14074.00,20,+8,1724979411.995457,VE3EID
VE6MOS,NA,Canada,4,14074.00,20,-12,1724979412.154874,VE3EID
UN7BI,AS,Kazakhstan,17,14074.00,20,-14,1724979412.158239,VE3EID
K7CTV,NA,United States,3,14074.00,20,-8,1724979412.159609,VE3EID
CE2WKI,SA,Chile,12,14074.00,20,-16,1724979412.160744,VE3EID
VE6NAR,NA,Canada,4,14074.00,20,-18,1724979412.161718,VE3EID
IK4LZH,EU,Italy,15,14074.00,20,-3,1724979412.162896,VE3EID
CT1FSG,EU,Portugal,14,10131.00,30,+1,1724979413.204788,VE3EID
KK7CAI,NA,United States,3,21074.00,15,+10,1724979415.058394,VE3EID
RC0CD,AS,Asiatic Russia,19,21074.00,15,+8,1724979415.199149,VE3EID
JE1XUL,AS,Japan,25,21074.00,15,-6,1724979415.341365,VE3EID
JH1DSX,AS,Japan,25,21074.00,15,-13,1724979415.344101,VE3EID
BG5EIB,AS,China,24,21074.00,15,-12,1724979415.34555,VE3EID
VE3JM,NA,Canada,4,21074.00,15,-2,1724979415.347375,VE3EID
BG2IHF,AS,China,24,21074.00,15,-17,1724979415.477368,VE3EID
W9ADG,NA,United States,4,7056.00,40,+6,1724979415.620403,VE3EID
K9GA,NA,United States,4,7056.00,40,+2,1724979415.623803,VE3EID
N9MSG,NA,United States,5,7056.00,40,+1,1724979415.625129,VE3EID
N5YPJ,NA,United States,4,7056.00,40,-8,1724979415.626507,VE3EID
N6EB,NA,United States,4,7056.00,40,+3,1724979415.763082,VE3EID
W2SUB,NA,United States,5,7056.00,40,-6,1724979415.766967,VE3EID
AE0N,NA,United States,4,7056.00,40,-5,1724979415.768875,VE3EID
K1BG,NA,United States,5,7056.00,40,+16,1724979415.770255,VE3EID
KD5R,NA,United States,4,7056.00,40,+6,1724979415.771392,VE3EID
UA0A,AS,Asiatic Russia,18,18100.00,17,-7,1724979415.862635,VE3EID
K5PA,NA,United States,4,7056.00,40,-7,1724979415.906638,VE3EID
OK2YN,EU,Czech Republic,15,7056.00,40,-7,1724979415.909311,VE3EID
W6UB,NA,United States,4,7056.00,40,+9,1724979415.910525,VE3EID
HA1DAE,EU,Hungary,15,7056.00,40,-3,1724979415.911719,VE3EID
N7HCJ,NA,United States,3,7056.00,40,-14,1724979416.036133,VE3EID
OH3HEI,EU,Finland,15,7056.00,40,-8,1724979416.038153,VE3EID
VE6JY,NA,Canada,4,7056.00,40,-4,1724979416.039441,VE3EID
AF0F,NA,United States,4,7056.00,40,-12,1724979416.041634,VE3EID
UN7AM,AS,Kazakhstan,17,7056.00,40,-15,1724979416.165044,VE3EID
K4YT,NA,United States,5,3573.00,80,+7,1724979416.168669,VE3EID
W5MND,NA,United States,4,3573.00,80,-16,1724979416.170326,VE3EID
9A4AA,EU,Croatia,15,10136.00,30,-8,1724979416.219937,VE3EID
KK5JY,NA,United States,4,14080.00,20,+11,1724979417.07744,VE3EID
KC3PIB,NA,United States,5,14080.00,20,-3,1724979417.333587,VE3EID
KI4WCO,NA,United States,5,14080.00,20,-11,1724979417.337331,VE3EID
N3DAW,NA,United States,5,7074.00,40,+13,1724979417.430398,VE3EID
KO3F,NA,United States,5,7074.00,40,+11,1724979417.432854,VE3EID
VE3CVL,NA,Canada,4,7074.00,40,+12,1724979417.546718,VE3EID
VE3NYZ,NA,Canada,4,7074.00,40,+10,1724979417.55017,VE3EID
WA8CAC,NA,United States,4,7074.00,40,-4,1724979417.551501,VE3EID
WA9TBA,NA,United States,4,7074.00,40,+2,1724979417.552797,VE3EID
VE1JBC,NA,Canada,5,7074.00,40,-3,1724979417.695759,VE3EID
F4HAB,EU,France,14,7074.00,40,-17,1724979417.699313,VE3EID
K0ILP,NA,United States,4,7074.00,40,+7,1724979417.701,VE3EID
KP4/K5DTC,NA,Puerto Rico,8,7074.00,40,-15,1724979417.799782,VE3EID
YO7BPC,EU,Romania,20,7074.00,40,-16,1724979417.802629,VE3EID
F5OYA/P,EU,France,14,7074.00,40,-18,1724979417.803899,VE3EID
N3FE,NA,United States,5,7074.00,40,-11,1724979417.809655,VE3EID
4X1UF,AS,Israel,20,7074.00,40,-14,1724979417.810309,VE3EID
N8ALB,NA,United States,4,7074.00,40,+3,1724979417.919538,VE3EID
LY2BBF,EU,Lithuania,15,14080.00,20,-2,1724979419.192517,VE3EID
N4ZZ,NA,United States,4,10136.00,30,+20,1724979421.089283,VE3EID
WM8Q,NA,United States,4,10136.00,30,+9,1724979421.246334,VE3EID
K4CAE,NA,United States,5,10136.00,30,+9,1724979421.249699,VE3EID
WY0V,NA,United States,4,10136.00,30,-10,1724979421.251406,VE3EID
W0GN,NA,United States,4,10136.00,30,+14,1724979421.415712,VE3EID
EB5R,EU,Spain,14,10136.00,30,-12,1724979421.418374,VE3EID
MM0HVU,EU,Scotland,14,10136.00,30,-9,1724979421.419422,VE3EID
KC3UCQ,NA,United States,5,10136.00,30,-12,1724979421.420407,VE3EID
CX2SA,SA,Uruguay,13,10136.00,30,-6,1724979421.421511,VE3EID
KI5YOL,NA,United States,4,10136.00,30,-5,1724979421.422807,VE3EID
UX0FY,EU,Ukraine,16,10136.00,30,-8,1724979421.537333,VE3EID
LW7EDH,SA,Argentina,13,10136.00,30,-12,1724979421.540447,VE3EID
W5XO,NA,United States,4,18100.00,17,+31,1724979423.166504,VE3EID
HH2K,NA,Haiti,8,18100.00,17,+15,1724979423.222728,VE3EID
AK0DX,NA,United States,4,18100.00,17,+10,1724979423.223782,VE3EID
LU8ENU,SA,Argentina,13,18100.00,17,+10,1724979423.224447,VE3EID
KB7WHO,NA,United States,3,18100.00,17,+3,1724979423.225151,VE3EID
KF9UG,NA,United States,4,18100.00,17,-7,1724979423.347018,VE3EID
W4RXK,NA,United States,5,18100.00,17,-18,1724979423.35025,VE3EID
W5VYH,NA,United States,4,18100.00,17,-13,1724979423.460303,VE3EID
W5HRH,NA,United States,4,14074.00,20,+2,1724979423.568033,VE3EID
YV5DRN,SA,Venezuela,9,14074.00,20,+5,1724979423.569809,VE3EID
KS0JD,NA,United States,4,14074.00,20,+9,1724979423.570381,VE3EID
KZ4JN,NA,United States,5,14074.00,20,+7,1724979423.570857,VE3EID
KG5SFT,NA,United States,4,14074.00,20,+2,1724979423.700188,VE3EID
F5UOU,EU,France,14,14074.00,20,-4,1724979423.701347,VE3EID
LU7MCR,SA,Argentina,13,14074.00,20,-10,1724979423.827111,VE3EID
DF8RU,EU,Fed. Rep. of Germany,14,14074.00,20,+2,1724979423.829703,VE3EID
PY7ZY,SA,Brazil,11,14074.00,20,-3,1724979423.831222,VE3EID
HP1RY,NA,Panama,7,14074.00,20,-2,1724979423.832441,VE3EID
AB5SE,NA,United States,4,14074.00,20,-10,1724979423.83398,VE3EID
EA3GXK,EU,Spain,14,14074.00,20,-11,1724979423.950372,VE3EID
KI8JP,NA,United States,4,14074.00,20,-6,1724979423.951229,VE3EID
EA5KB,EU,Spain,14,14074.00,20,+0,1724979423.951855,VE3EID
OE9HGV,EU,Austria,15,14074.00,20,-6,1724979423.952362,VE3EID
KA6DVR,NA,United States,3,14074.00,20,-10,1724979424.080353,VE3EID
EK/R2GEO,AS,Armenia,21,14074.00,20,-13,1724979424.081422,VE3EID
K5GGM,NA,United States,4,14074.00,20,-7,1724979424.082139,VE3EID
9A2KS,EU,Croatia,15,14074.00,20,-11,1724979424.082809,VE3EID
YO4ASD,EU,Romania,20,14074.00,20,-14,1724979424.083442,VE3EID
W7AJE,NA,United States,3,14074.00,20,-10,1724979424.08404,VE3EID
GM4VAC,EU,Scotland,14,14074.00,20,-2,1724979424.084699,VE3EID
ON1JP,EU,Belgium,14,14074.00,20,-17,1724979424.18694,VE3EID
WA4MB,NA,United States,5,14074.00,20,+3,1724979424.188302,VE3EID
AG4DW,NA,United States,5,3573.00,80,-2,1724979424.301669,VE3EID
W4BLD,NA,United States,5,3573.00,80,-10,1724979424.304345,VE3EID
KC1SRW,NA,United States,5,7047.50,40,+2,1724979425.212701,VE3EID
KK7UNF,NA,United States,3,14080.00,20,-1,1724979425.254441,VE3EID
LU9RBE,SA,Argentina,13,21074.00,15,+17,1724979425.459455,VE3EID
K7FR,NA,United States,3,21074.00,15,+6,1724979425.462682,VE3EID
KD7YOX,NA,United States,3,21074.00,15,+11,1724979425.464047,VE3EID
K7CAR,NA,United States,3,21074.00,15,+14,1724979425.465325,VE3EID
W6LED/7,NA,United States,3,21074.00,15,+11,1724979425.608747,VE3EID
PY4BAL,SA,Brazil,11,21074.00,15,+9,1724979425.611774,VE3EID
W7RPS,NA,United States,3,21074.00,15,-14,1724979425.613601,VE3EID
PY5DF,SA,Brazil,11,21074.00,15,+3,1724979425.614955,VE3EID
KF9UG,NA,United States,4,21074.00,15,-9,1724979425.61597,VE3EID
JA1JEJ,AS,Japan,25,21074.00,15,-7,1724979425.617565,VE3EID
PY2MIG,SA,Brazil,11,21074.00,15,+7,1724979425.724382,VE3EID
KC9BK,NA,United States,4,21074.00,15,-6,1724979425.727711,VE3EID
N1NQ,NA,United States,5,21074.00,15,-17,1724979425.729654,VE3EID
M61YEJ,EU,England,14,21074.00,15,-13,1724979425.824668,VE3EID
KE3QZ,NA,United States,5,7074.00,40,+4,1724979427.261491,VE3EID
VA3VTE,NA,Canada,4,7074.00,40,+1,1724979427.264911,VE3EID
N8BB,NA,United States,4,7074.00,40,+4,1724979427.267164,VE3EID
N4V,NA,United States,5,7074.00,40,+4,1724979427.268997,VE3EID
W1IX,NA,United States,5,7074.00,40,+3,1724979427.361279,VE3EID
KF5KWF,NA,United States,4,7074.00,40,+3,1724979427.364751,VE3EID
CT2GQA,EU,Portugal,14,7074.00,40,-6,1724979427.36651,VE3EID
K1NEM,NA,United States,5,7074.00,40,+3,1724979427.488106,VE3EID
RA0LQ/MM,AS,Asiatic Russia,19,7074.00,40,-4,1724979427.491082,VE3EID
AB4BC,NA,United States,4,7074.00,40,+7,1724979427.492416,VE3EID
9A1AD,EU,Croatia,15,7074.00,40,-16,1724979427.493642,VE3EID
M7EYP,EU,England,14,7074.00,40,-15,1724979427.601024,VE3EID
PD1BER,EU,Netherlands,14,7074.00,40,-14,1724979427.603952,VE3EID
OE6OCG,EU,Austria,15,7074.00,40,-12,1724979427.713811,VE3EID
VE6CV,NA,Canada,4,18100.00,17,+26,1724979429.268879,VE3EID
JH2KAC,AS,Japan,25,18100.00,17,+2,1724979429.407799,VE3EID
KU4CG,NA,United States,5,18100.00,17,-8,1724979429.411321,VE3EID
K0LLT,NA,United States,4,18100.00,17,-17,1724979429.526122,VE3EID
BA6KC,AS,China,24,18100.00,17,-16,1724979429.530462,VE3EID
K0KAT,NA,United States,4,10136.00,30,+5,1724979429.663703,VE3EID
DJ1AA,EU,Fed. Rep. of Germany,14,10136.00,30,-2,1724979429.666559,VE3EID
N1EN,NA,United States,5,10136.00,30,-14,1724979429.667601,VE3EID
CT2HEX,EU,Portugal,14,10136.00,30,-5,1724979429.79847,VE3EID
VE4DXR,NA,Canada,4,10136.00,30,-12,1724979429.801696,VE3EID
WB0ZYU,NA,United States,4,10136.00,30,-6,1724979429.928176,VE3EID
AK9B,NA,United States,4,10136.00,30,-10,1724979429.930934,VE3EID
G8BCG,EU,England,14,10136.00,30,-10,1724979429.932145,VE3EID
K4CBW,NA,United States,5,3573.00,80,-14,1724979431.387517,VE3EID
WA4YJY,NA,United States,5,3573.00,80,-13,1724979431.390228,VE3EID
K1BG,NA,United States,5,24910.00,12,-14,1724979431.430668,VE3EID
F5RRS,EU,France,14,14074.00,20,+9,1724979433.383089,VE3EID
R7KKO,EU,European Russia,16,14074.00,20,+12,1724979433.383999,VE3EID
EC3A,EU,Spain,14,14074.00,20,+4,1724979433.384622,VE3EID
N5VIS,NA,United States,4,14074.00,20,+8,1724979433.385257,VE3EID
NP3DM,NA,Puerto Rico,8,14074.00,20,+9,1724979433.461949,VE3EID
DK7ZT,EU,Fed. Rep. of Germany,14,14074.00,20,+6,1724979433.463054,VE3EID
ND9M,NA,United States,4,14074.00,20,+12,1724979433.464057,VE3EID
K5LOL,NA,United States,4,14074.00,20,-13,1724979433.610666,VE3EID
N8NZM,NA,United States,4,14074.00,20,-7,1724979433.737408,VE3EID
HK4SAN,SA,Colombia,9,14074.00,20,+20,1724979433.869577,VE3EID
W4GY,NA,United States,5,14074.00,20,-11,1724979433.872253,VE3EID
K6CSG,NA,United States,3,14074.00,20,-10,1724979433.873625,VE3EID
WA5SQA,NA,United States,4,14074.00,20,-1,1724979433.874651,VE3EID
OH6IH,EU,Finland,15,14074.00,20,-14,1724979433.876013,VE3EID
F4BYA,EU,France,14,14074.00,20,-18,1724979433.877524,VE3EID
K5MGY,NA,United States,4,14074.00,20,-6,1724979433.998501,VE3EID
JA3OMA,AS,Japan,25,21074.00,15,+7,1724979434.232753,VE3EID
BD8DEJ,AS,China,24,21074.00,15,-3,1724979434.236167,VE3EID
KI5YPD,NA,United States,4,7074.00,40,-4,1724979435.18649,VE3EID
K5KHK,NA,United States,4,7074.00,40,-3,1724979435.506199,VE3EID
VE9ML,NA,Canada,5,7074.00,40,+1,1724979435.511168,VE3EID
DL3MIB,EU,Fed. Rep. of Germany,14,7074.00,40,-13,1724979435.634349,VE3EID
R6DP,EU,European Russia,16,7074.00,40,-11,1724979435.637148,VE3EID
WA1RIW,NA,United States,5,7074.00,40,-4,1724979435.63867,VE3EID
KD2SER,NA,United States,5,7074.00,40,+4,1724979435.765598,VE3EID
KF4AAF,NA,United States,5,7074.00,40,-8,1724979435.768963,VE3EID
W8AJV,NA,United States,4,7074.00,40,-5,1724979435.770423,VE3EID
KA7NWT,NA,United States,3,7074.00,40,-10,1724979435.771751,VE3EID
F5NNN,EU,France,14,7074.00,40,-13,1724979435.87604,VE3EID
DL1EBW,EU,Fed. Rep. of Germany,14,7074.00,40,-20,1724979435.879541,VE3EID
CT3MD,AF,Madeira Islands,33,7074.00,40,-1,1724979436.015189,VE3EID
K4IU,NA,United States,4,7056.00,40,+14,1724979436.018143,VE3EID
VE3SCP,NA,Canada,4,7056.00,40,+14,1724979436.020389,VE3EID
K4JKB,NA,United States,5,7056.00,40,+12,1724979436.125584,VE3EID
EA4SG,EU,Spain,14,7056.00,40,-5,1724979436.132268,VE3EID
EY8MM,AS,Tajikistan,17,7056.00,40,-4,1724979436.250643,VE3EID
K1EDG,NA,United States,5,7056.00,40,+10,1724979436.37144,VE3EID
KK4BZ,NA,United States,5,7056.00,40,+5,1724979436.374406,VE3EID
K3IRV,NA,United States,5,7056.00,40,+1,1724979436.375737,VE3EID
YV6CA,SA,Venezuela,9,7056.00,40,-17,1724979436.515014,VE3EID
OK1TRJ,EU,Czech Republic,15,7056.00,40,-19,1724979436.62674,VE3EID
SP2I,EU,Poland,15,7056.00,40,+0,1724979436.630137,VE3EID
IW7DVM,EU,Italy,15,7056.00,40,-12,1724979436.631514,VE3EID
N0QDS,NA,United States,4,10136.00,30,+19,1724979441.484449,VE3EID
KB9FIN,NA,United States,4,10136.00,30,+3,1724979441.488489,VE3EID
KF6JXM,NA,United States,3,10136.00,30,-11,1724979441.559661,VE3EID
KD0XD,NA,United States,4,10136.00,30,-9,1724979441.56297,VE3EID
TM51JP,EU,France,14,14074.00,20,+3,1724979441.930497,VE3EID
SP5LST,EU,Poland,15,14074.00,20,-5,1724979442.30363,VE3EID
W0/VA3WJ,NA,United States,4,14074.00,20,-5,1724979442.418571,VE3EID
KB9YCK,NA,United States,4,14074.00,20,-17,1724979442.539978,VE3EID
MI0NWA,EU,Northern Ireland,14,14074.00,20,-11,1724979442.543099,VE3EID
VA3YEP,NA,Canada,4,14074.00,20,-15,1724979442.545223,VE3EID
WB5YPZ,NA,United States,4,18100.00,17,+10,1724979442.64392,VE3EID
W3UA,NA,United States,5,18100.00,17,-4,1724979442.784816,VE3EID
N4NJJ,NA,United States,5,18100.00,17,-14,1724979442.903671,VE3EID
VA3QAC,NA,Canada,4,7074.00,40,+10,1724979443.326984,VE3EID
AD4YJ,NA,United States,5,7074.00,40,+14,1724979443.839867,VE3EID
K5WBD,NA,United States,4,14080.00,20,+2,1724979443.879316,VE3EID
VA7AQ,NA,Canada,3,14080.00,20,+15,1724979443.88232,VE3EID
W6ESL,NA,United States,3,14080.00,20,+8,1724979443.972999,VE3EID
AK6HN,NA,United States,3,21074.00,15,-14,1724979445.589657,VE3EID
KM6NFV,NA,United States,3,18100.00,17,+8,1724979453.633269,VE3EID
JR1RGQ,AS,Japan,25,18100.00,17,-17,1724979453.978307,VE3EID
K2EDB,NA,United States,5,18100.00,17,-13,1724979454.384025,VE3EID
K0JQZ,NA,United States,4,10131.00,30,+9,1724979455.470446,VE3EID
YO5OED,EU,Romania,20,10136.00,30,-16,1724979455.823405,VE3EID
K8BL,NA,United States,4,10136.00,30,-13,1724979455.826874,VE3EID
N1DCH,NA,United States,5,3573.00,80,+5,1724979457.505989,VE3EID
PP5SB,SA,Brazil,11,14074.00,20,+0,1724979457.80619,VE3EID
G0KPH,EU,England,14,14074.00,20,-12,1724979457.810288,VE3EID
JA8RJP,AS,Japan,25,21074.00,15,-8,1724979458.37751,VE3EID
N1NRL,NA,United States,5,14074.00,20,-18,1724979458.575869,VE3EID
NT6V,NA,United States,3,14074.00,20,-20,1724979458.578533,VE3EID
VE3DAL,NA,Canada,4,21074.00,15,-10,1724979458.579954,VE3EID
KN4WOJ,NA,United States,5,7074.00,40,+1,1724979459.563165,VE3EID
W4ABF,NA,United States,5,7056.00,40,+16,1724979460.051088,VE3EID
W8VS,NA,United States,4,7056.00,40,+15,1724979460.054884,VE3EID
VE3FZ,NA,Canada,4,7056.00,40,+6,1724979460.391476,VE3EID
N0VRP,NA,United States,4,7056.00,40,-1,1724979460.394666,VE3EID
N4BJH,NA,United States,5,7056.00,40,+7,1724979460.549504,VE3EID
K0KDS,NA,United States,4,7056.00,40,-12,1724979460.703348,VE3EID
LZ2VQ,EU,Bulgaria,20,10136.00,30,-17,1724979469.803141,VE3EID
OK2UQF,EU,Czech Republic,15,10136.00,30,-22,1724979469.806563,VE3EID
K1CXS,NA,United States,5,10136.00,30,-13,1724979469.807949,VE3EID
WB5VYE,NA,United States,4,10136.00,30,-3,1724979469.953054,VE3EID
K5CD,NA,United States,4,18100.00,17,+35,1724979471.585038,VE3EID
DK8FG,EU,Fed. Rep. of Germany,14,14074.00,20,+3,1724979472.097139,VE3EID
WA7VHT,NA,United States,3,14074.00,20,-18,1724979472.277847,VE3EID
PS7CY,SA,Brazil,11,14074.00,20,+2,1724979472.403032,VE3EID
WA9ARE,NA,United States,4,3573.00,80,-20,1724979472.567995,VE3EID
N4VUG,NA,United States,5,7074.00,40,+3,1724979472.571215,VE3EID
NN8B,NA,United States,4,7074.00,40,+8,1724979472.713413,VE3EID
WA2NBG,NA,United States,5,7074.00,40,+0,1724979472.891721,VE3EID
OS4K,EU,Belgium,14,7074.00,40,-16,1724979473.223347,VE3EID
RC0CC,AS,Asiatic Russia,19,21074.00,15,+9,1724979473.544404,VE3EID
K4XP,NA,United States,5,21074.00,15,-9,1724979473.681285,VE3EID
WX4D,NA,United States,5,14080.00,20,-4,1724979473.835093,VE3EID
EB5DFU,EU,Spain,14,14080.00,20,+7,1724979473.838705,VE3EID
OE5WRO/P,EU,Austria,15,14080.00,20,-4,1724979473.840418,VE3EID
YV5OIE,SA,Venezuela,9,14080.00,20,+3,1724979473.983529,VE3EID
KE6MYA,NA,United States,3,14080.00,20,-1,1724979473.98682,VE3EID
N5JIM,NA,United States,4,21074.00,15,-14,1724979474.12094,VE3EID
SQ8W,EU,Poland,15,10136.00,30,-5,1724979489.505048,VE3EID
EA1IOK,EU,Spain,14,10136.00,30,+5,1724979489.598226,VE3EID
DD5GG,EU,Fed. Rep. of Germany,14,10136.00,30,-3,1724979489.611969,VE3EID
KA1MXL,NA,United States,5,10136.00,30,-14,1724979489.7157,VE3EID
JA4RWN,AS,Japan,25,18100.00,17,-9,1724979491.819327,VE3EID
DS1TUW,AS,Republic of Korea,25,18100.00,17,-7,1724979491.820368,VE3EID
K6JRW,NA,United States,3,18100.00,17,-15,1724979491.923862,VE3EID
S52D,EU,Slovenia,15,14074.00,20,+9,1724979492.105537,VE3EID
N0LWF,NA,United States,4,14074.00,20,+19,1724979492.108579,VE3EID
RA6FC,EU,European Russia,16,14074.00,20,-1,1724979492.231635,VE3EID
K9PA,NA,United States,4,14074.00,20,-13,1724979492.23379,VE3EID
DJ0MAB,EU,Fed. Rep. of Germany,14,14074.00,20,+0,1724979492.353653,VE3EID
KH2TJ,NA,United States,3,14074.00,20,-11,1724979492.356618,VE3EID
SV1MOZ,EU,Greece,20,14074.00,20,-14,1724979492.498255,VE3EID
EA3HMM,EU,Spain,14,14074.00,20,-9,1724979492.501512,VE3EID
AD8IF,NA,United States,4,14074.00,20,-10,1724979492.617974,VE3EID
DK9LF,EU,Fed. Rep. of Germany,14,14074.00,20,-19,1724979492.62103,VE3EID
K5KB,NA,United States,4,14074.00,20,+5,1724979492.622566,VE3EID
K4PTD,NA,United States,5,14074.00,20,-5,1724979492.624006,VE3EID
AA0KW,NA,United States,4,10131.00,30,+15,1724979493.600383,VE3EID
YL2QG,EU,Latvia,15,10131.00,30,+2,1724979493.678204,VE3EID
KO6ECA,NA,United States,3,21074.00,15,-11,1724979495.854888,VE3EID
N7UCN,NA,United States,3,21074.00,15,-14,1724979496.295571,VE3EID
KN4RNO,NA,United States,5,7074.00,40,+4,1724979497.682817,VE3EID
N5EKO,NA,United States,4,7074.00,40,-12,1724979497.827044,VE3EID
UW5ZM,EU,Ukraine,16,7074.00,40,-2,1724979498.008347,VE3EID
WY4D,NA,United States,5,7074.00,40,+3,1724979498.010528,VE3EID
N8AM,NA,United States,4,7074.00,40,-8,1724979498.011432,VE3EID
W2PSK,NA,United States,5,7074.00,40,-5,1724979498.082818,VE3EID
GB1URC,EU,England,14,7074.00,40,-12,1724979498.196153,VE3EID
AE0ZJ,NA,United States,4,7074.00,40,-8,1724979498.199184,VE3EID
PY2OF,SA,Brazil,11,7056.00,40,+2,1724979499.682034,VE3EID
AA5UN,NA,United States,4,7056.00,40,-6,1724979500.174325,VE3EID
DL7UML,EU,Fed. Rep. of Germany,14,7056.00,40,-19,1724979500.178215,VE3EID
W2KYM,NA,United States,5,7056.00,40,-18,1724979500.179627,VE3EID
F5RAV,EU,France,14,7056.00,40,-13,1724979500.180926,VE3EID
NK4R,NA,United States,5,7056.00,40,-10,1724979500.293449,VE3EID
4X5MZ,AS,Israel,20,14080.00,20,+6,1724979503.738475,VE3EID
N4RTL,NA,United States,4,14080.00,20,+7,1724979503.740695,VE3EID
K7MOK,NA,United States,3,14080.00,20,+3,1724979503.855826,VE3EID
W4MRJ,NA,United States,5,18100.00,17,-16,1724979507.935782,VE3EID
AC4ZH,NA,United States,5,18100.00,17,-18,1724979507.937919,VE3EID
K8DTF,NA,United States,4,7074.00,40,+14,1724979511.724934,VE3EID
KD2VRL,NA,United States,5,7074.00,40,+16,1724979511.808365,VE3EID
AA4U,NA,United States,4,7074.00,40,+14,1724979511.812167,VE3EID
KA8G,NA,United States,4,7074.00,40,+13,1724979511.813737,VE3EID
WO5E,NA,United States,4,7074.00,40,-1,1724979511.936084,VE3EID
CE2EP,SA,Chile,12,7074.00,40,-15,1724979512.158665,VE3EID
RN1CW,EU,European Russia,16,14074.00,20,-8,1724979512.748841,VE3EID
G4ZAM,EU,England,14,14074.00,20,-16,1724979512.883314,VE3EID
VE6BTC,NA,Canada,4,14074.00,20,-15,1724979512.886168,VE3EID
KI7RI,NA,United States,3,21074.00,15,+1,1724979513.776705,VE3EID
WC7L,NA,United States,3,21074.00,15,+2,1724979514.079661,VE3EID
PP1GS,SA,Brazil,11,21074.00,15,+3,1724979514.082226,VE3EID
NF0N,NA,United States,4,10136.00,30,+13,1724979514.176243,VE3EID
KC8YEJ,NA,United States,4,10136.00,30,-13,1724979514.482473,VE3EID
UA9FAR,EU,European Russia,17,10136.00,30,-13,1724979514.484451,VE3EID
WD4FJF,NA,United States,5,10136.00,30,-16,1724979514.485843,VE3EID
N3VJM,NA,United States,5,10131.00,30,-6,1724979519.909692,VE3EID
KA9JCP,NA,United States,4,10131.00,30,-14,1724979519.911737,VE3EID
VA3RTG,NA,Canada,4,10136.00,30,-20,1724979520.318849,VE3EID
UA6JQ,EU,European Russia,16,7056.00,40,-11,1724979526.127841,VE3EID
FG/F4IDN,NA,Guadeloupe,8,7074.00,40,-8,1724979526.674894,VE3EID
MM0DSP,EU,Scotland,14,7074.00,40,-14,1724979526.871802,VE3EID
JA9CEI,AS,Japan,25,21074.00,15,-2,1724979527.006995,VE3EID
JA2JTN,AS,Japan,25,21074.00,15,-10,1724979527.13426,VE3EID
KO6CKO,NA,United States,3,21074.00,15,-17,1724979527.13826,VE3EID
LW4EIN,SA,Argentina,13,21074.00,15,-9,1724979527.494058,VE3EID
BG6RJN,AS,China,24,21074.00,15,-16,1724979527.495353,VE3EID
KQ4MHE,NA,United States,5,21074.00,15,-19,1724979527.495969,VE3EID
RV6C,EU,European Russia,16,14074.00,20,+8,1724979527.496534,VE3EID
DK3JW,EU,Fed. Rep. of Germany,14,14074.00,20,-9,1724979527.497185,VE3EID
KC4YAO,NA,United States,5,14074.00,20,-5,1724979527.665143,VE3EID
VE3XN,NA,Canada,4,14074.00,20,+1,1724979528.006279,VE3EID
PA3DOL,EU,Netherlands,14,14074.00,20,-6,1724979528.010148,VE3EID
K6RRS,NA,United States,3,18100.00,17,+4,1724979528.079719,VE3EID
JA4HEU,AS,Japan,25,18100.00,17,-7,1724979528.345742,VE3EID
KD5TKR,NA,United States,4,14080.00,20,+3,1724979529.951933,VE3EID
K0VN,NA,United States,4,14080.00,20,+5,1724979529.954822,VE3EID
VA3MJR,NA,Canada,4,14080.00,20,-6,1724979530.047848,VE3EID
KQ4RSH,NA,United States,5,14080.00,20,+0,1724979530.051596,VE3EID
KM4SXE,NA,United States,5,7074.00,40,-1,1724979536.364611,VE3EID
JA7WLY,AS,Japan,25,21074.00,15,-6,1724979538.22494,VE3EID
W5IM,NA,United States,4,21074.00,15,-15,1724979538.228393,VE3EID
WX8V,NA,United States,4,18100.00,17,-13,1724979538.489305,VE3EID
HZ1LR,AS,Saudi Arabia,21,14080.00,20,-1,1724979540.088873,VE3EID
KK6KMU,NA,United States,3,14074.00,20,+2,1724979540.564864,VE3EID
N0IS,NA,United States,4,14074.00,20,-9,1724979540.567136,VE3EID
KB4YKC,NA,United States,5,14074.00,20,-5,1724979540.568312,VE3EID
K0WJ,NA,United States,4,14074.00,20,+9,1724979540.696072,VE3EID
VE5RJK,NA,Canada,4,14074.00,20,-12,1724979540.82058,VE3EID
KO4YIN,NA,United States,4,21074.00,15,+0,1724979544.389464,VE3EID
JP2SYS,AS,Japan,25,21074.00,15,-14,1724979544.392975,VE3EID
K2JB,NA,United States,5,21074.00,15,-6,1724979544.50779,VE3EID
K4VIG,NA,United States,4,7056.00,40,+8,1724979546.151365,VE3EID
WL7OU,NA,United States,4,7056.00,40,-6,1724979546.41029,VE3EID
K1FUG,NA,United States,5,7074.00,40,+9,1724979546.746343,VE3EID
F8DBF,EU,France,14,7074.00,40,-16,1724979546.798485,VE3EID
VE3FZ,NA,Canada,4,24910.00,12,-19,1724979550.227134,VE3EID
KB7ZTI,NA,United States,3,14074.00,20,+6,1724979550.538607,VE3EID
KQ4QPO,NA,United States,5,14074.00,20,-10,1724979550.670509,VE3EID
DG5PW,EU,Fed. Rep. of Germany,14,14074.00,20,-12,1724979550.931379,VE3EID
LZ1BK,EU,Bulgaria,20,14080.00,20,-4,1724979551.072505,VE3EID
HI3A,NA,Dominican Republic,8,14080.00,20,+9,1724979551.183888,VE3EID
YT2AAA,EU,Serbia,15,14080.00,20,+21,1724979551.187402,VE3EID
KG5RJ,NA,United States,4,14080.00,20,+4,1724979551.188869,VE3EID
R9HAK,AS,Asiatic Russia,18,14080.00,20,+0,1724979551.189928,VE3EID
KD9LOK,NA,United States,4,14080.00,20,-10,1724979551.191169,VE3EID
VE1ANF,NA,Canada,5,10136.00,30,+9,1724979551.930126,VE3EID
XE2AU,NA,Mexico,6,10136.00,30,-7,1724979552.379335,VE3EID
WB3GTM,NA,United States,5,1840.00,160,-13,1724979557.968912,VE3EID
RN3OG,EU,European Russia,16,10136.00,30,-4,1724979560.55136,VE3EID
N0WUS,NA,United States,4,14074.00,20,-1,1724979562.566461,VE3EID
KA6VKP,NA,United States,3,14074.00,20,-14,1724979562.570384,VE3EID
KE8ZVX,NA,United States,4,7074.00,40,+16,1724979562.913103,VE3EID
KG8FM,NA,United States,4,14080.00,20,-12,1724979564.051035,VE3EID
PY7VI,SA,Brazil,11,14080.00,20,+14,1724979564.132537,VE3EID
KC1ELD,NA,United States,5,14080.00,20,-9,1724979564.135025,VE3EID
N4LJT,NA,United States,5,14080.00,20,-3,1724979564.266787,VE3EID
YO2MD,EU,Romania,20,14080.00,20,-7,1724979572.254531,VE3EID
K9BR,NA,United States,4,18100.00,17,-10,1724979574.333289,VE3EID
JA6OXT,AS,Japan,25,18100.00,17,-3,1724979574.334164,VE3EID
IW0FFI,EU,Italy,15,18100.00,17,+7,1724979574.334715,VE3EID
W1LE,NA,United States,5,3573.00,80,+5,1724979574.598115,VE3EID
KJ4EX,NA,United States,5,7074.00,40,+10,1724979576.236941,VE3EID
VE3WGH,NA,Canada,4,7074.00,40,+1,1724979576.241018,VE3EID
KT4U,NA,United States,5,7074.00,40,+2,1724979576.544051,VE3EID
K1XE,NA,United States,5,7056.00,40,+8,1724979576.900287,VE3EID
WA3ZSC,NA,United States,5,7056.00,40,+12,1724979576.998186,VE3EID
WG5G,NA,United States,4,7056.00,40,-15,1724979577.410466,VE3EID
IS0KEB,EU,Sardinia,15,7056.00,40,-17,1724979577.414236,VE3EID
KL7NW,NA,United States,4,7056.00,40,-5,1724979577.415714,VE3EID
WA9TBA,NA,United States,4,7056.00,40,-5,1724979577.417096,VE3EID
HJ3BJB,SA,Colombia,9,7056.00,40,-8,1724979577.545997,VE3EID
VO1SW,NA,Canada,5,14074.00,20,-1,1724979578.182214,VE3EID
KL7HFI,NA,Alaska,1,14074.00,20,-11,1724979578.186079,VE3EID
AG6QV,NA,United States,3,14074.00,20,-6,1724979578.773412,VE3EID
LU6DTJ,SA,Argentina,13,14074.00,20,-11,1724979578.777161,VE3EID
WC2F,NA,United States,5,10131.00,30,-3,1724979578.930367,VE3EID
W5BCA,NA,United States,4,14080.00,20,+10,1724979579.067346,VE3EID
AB6G,NA,United States,3,14080.00,20,+4,1724979579.068762,VE3EID
KK6USY,NA,United States,3,21074.00,15,-9,1724979580.232386,VE3EID
JH2QXG,AS,Japan,25,18100.00,17,-3,1724979590.265198,VE3EID
AD0CH,NA,United States,4,10136.00,30,-12,1724979590.820918,VE3EID
WM9K,NA,United States,4,10136.00,30,-16,1724979590.823474,VE3EID
VE7DJ,NA,Canada,3,21074.00,15,+17,1724979591.074346,VE3EID
K8OM,NA,United States,4,21074.00,15,-10,1724979591.077619,VE3EID
BG5GLJ,AS,China,24,21074.00,15,-15,1724979591.196108,VE3EID
WY7RDC,NA,United States,3,14074.00,20,+6,1724979591.330981,VE3EID
N4KJA,NA,United States,5,14074.00,20,+4,1724979591.465404,VE3EID
M0JUE,EU,England,14,14074.00,20,-16,1724979591.600065,VE3EID
KJ7PAQ,NA,United States,3,14074.00,20,+0,1724979591.602693,VE3EID
LU2HC,SA,Argentina,13,14074.00,20,-9,1724979591.731398,VE3EID
LU5BPT,SA,Argentina,13,14074.00,20,+6,1724979591.860763,VE3EID
ON1GV,EU,Belgium,14,14074.00,20,-15,1724979591.864757,VE3EID
AB1HL,NA,United States,5,7074.00,40,+15,1724979594.361277,VE3EID
NY1V,NA,United States,4,7074.00,40,+19,1724979594.364461,VE3EID
KB1PD,NA,United States,5,7074.00,40,+16,1724979594.40209,VE3EID
KK5JY,NA,United States,4,14080.00,20,+13,1724979604.708189,VE3EID
LY2BBF,EU,Lithuania,15,14080.00,20,+0,1724979604.807305,VE3EID
JA3KVT,AS,Japan,25,18100.00,17,+8,1724979606.429721,VE3EID
N6NFB,NA,United States,3,18100.00,17,-4,1724979606.551506,VE3EID
WP4QPZ,NA,Puerto Rico,8,14074.00,20,-15,1724979607.039921,VE3EID
SP6EA,EU,Poland,15,14074.00,20,-18,1724979607.153902,VE3EID
CT1AZN,EU,Portugal,14,10131.00,30,+0,1724979607.388076,VE3EID
WA3ZSC,NA,United States,5,24910.00,12,-14,1724979608.352444,VE3EID
N6EB,NA,United States,4,24910.00,12,-19,1724979608.468778,VE3EID
K8ETA,NA,United States,4,7074.00,40,-3,1724979608.602554,VE3EID
OH1EDK,EU,Finland,15,7074.00,40,-18,1724979608.799773,VE3EID
K0PIR,NA,United States,4,7074.00,40,-12,1724979608.801287,VE3EID
NE0NS,NA,United States,4,7074.00,40,+7,1724979608.928691,VE3EID
AE1C,NA,United States,5,7074.00,40,-19,1724979609.063656,VE3EID
N0EG,NA,United States,4,7056.00,40,+2,1724979609.165947,VE3EID
WB2QJ,NA,United States,5,7056.00,40,+10,1724979609.281111,VE3EID
CT1FSG,EU,Portugal,14,7056.00,40,-10,1724979609.721468,VE3EID
HK3AB,SA,Colombia,9,21074.00,15,-20,1724979610.535265,VE3EID
KB9MYP,NA,United States,4,14080.00,20,-3,1724979622.558994,VE3EID
N9UA,NA,United States,4,14080.00,20,-5,1724979622.560765,VE3EID
W5KY,NA,United States,4,18100.00,17,+14,1724979628.460917,VE3EID
KC2NJ,NA,United States,5,18100.00,17,-23,1724979628.554103,VE3EID
N2TC,NA,United States,5,18100.00,17,+0,1724979628.55753,VE3EID
WA8LRW,NA,United States,4,18100.00,17,-6,1724979628.655322,VE3EID
W4BLD,NA,United States,5,7074.00,40,-5,1724979628.872802,VE3EID
PY5XT,SA,Brazil,11,14074.00,20,+0,1724979630.716042,VE3EID
KG7IXX,NA,United States,3,14074.00,20,-7,1724979630.719926,VE3EID
K4QAL,NA,United States,5,14074.00,20,+0,1724979630.958668,VE3EID
KK7UNF,NA,United States,3,14080.00,20,+1,1724979632.47752,VE3EID
WU8T,NA,United States,3,14080.00,20,+11,1724979632.479047,VE3EID
N3QE,NA,United States,5,14080.00,20,-5,1724979632.580139,VE3EID
R6HY,EU,European Russia,16,10136.00,30,-1,1724979632.690015,VE3EID
LU9EZ,SA,Argentina,13,21074.00,15,+14,1724979636.585609,VE3EID
W6AZT,NA,United States,3,21074.00,15,+9,1724979636.65707,VE3EID
NJ1V,NA,United States,5,21074.00,15,+0,1724979636.959864,VE3EID
JL8IPF,AS,Japan,25,21074.00,15,-12,1724979636.96333,VE3EID
F4GTB,EU,France,14,10136.00,30,+2,1724979640.544353,VE3EID
N8SLT,NA,United States,4,7056.00,40,+13,1724979640.953989,VE3EID
PY5EJ,SA,Brazil,11,7056.00,40,-13,1724979641.384015,VE3EID
KV3R,NA,United States,5,14074.00,20,-10,1724979641.924212,VE3EID
JA2KFQ,AS,Japan,25,18100.00,17,+4,1724979642.854953,VE3EID
VK3YZ,OC,Australia,30,18100.00,17,-15,1724979642.980375,VE3EID
K8MC,NA,United States,4,3573.00,80,-13,1724979643.217732,VE3EID
W8EWO,NA,United States,4,7074.00,40,+8,1724979643.316493,VE3EID
AD8IE,NA,United States,4,7074.00,40,-8,1724979643.542606,VE3EID
K0JJ,NA,United States,3,10131.00,30,-13,1724979644.129019,VE3EID
BD6JO,AS,China,24,21074.00,15,-4,1724979644.639468,VE3EID
N3JU,NA,United States,5,21074.00,15,-2,1724979644.640823,VE3EID
CO8LY,NA,Cuba,8,21074.00,15,+25,1724979644.946573,VE3EID
PY2OHH,SA,Brazil,11,21074.00,15,-12,1724979644.998665,VE3EID
JH2MYN,AS,Japan,25,18100.00,17,+4,1724979648.838101,VE3EID
7K1III,AS,Japan,25,18100.00,17,-14,1724979648.841333,VE3EID
AB8YF,NA,United States,4,7074.00,40,+11,1724979650.681036,VE3EID
KO4UMQ,NA,United States,4,7074.00,40,+6,1724979650.871596,VE3EID
NA5M,NA,United States,4,14080.00,20,-4,1724979650.975094,VE3EID
W4LB,NA,United States,5,10136.00,30,+23,1724979651.31822,VE3EID
KG4JOK,NA,Guantanamo Bay,8,10136.00,30,+1,1724979651.432279,VE3EID
K5COW,NA,United States,4,14074.00,20,-13,1724979655.28973,VE3EID
JE1LES,AS,Japan,25,21074.00,15,-9,1724979655.625496,VE3EID
ZL2THM,OC,New Zealand,32,21074.00,15,-17,1724979655.736929,VE3EID
W1UE,NA,United States,5,21140.00,15,-12,1724979655.843083,VE3EID
IK0IOG,EU,Italy,15,14080.00,20,-5,1724979655.846313,VE3EID
OE5WRO/P,EU,Austria,15,14080.00,20,-2,1724979662.866577,VE3EID
WP4EJH,NA,Puerto Rico,8,18100.00,17,-5,1724979664.855245,VE3EID
AC9HP,NA,United States,4,10136.00,30,-10,1724979666.885014,VE3EID
KE2ATD,NA,United States,5,10136.00,30,-21,1724979667.116519,VE3EID
N6ACA,NA,United States,3,14074.00,20,-12,1724979667.589389,VE3EID
K6SH,NA,United States,3,14074.00,20,-16,1724979667.593926,VE3EID
AG7XS,NA,United States,3,14074.00,20,+6,1724979667.703608,VE3EID
XE2LDL,NA,Mexico,6,14074.00,20,-12,1724979667.824039,VE3EID
KQ4HZK,NA,United States,5,7074.00,40,+5,1724979668.806195,VE3EID
W3DEN,NA,United States,5,7074.00,40,+9,1724979669.802076,VE3EID
KA0BOJ,NA,United States,4,7056.00,40,+1,1724979669.805581,VE3EID
KO4CD,NA,United States,5,7056.00,40,+3,1724979670.239441,VE3EID
N3BEN,NA,United States,3,21074.00,15,-4,1724979670.854038,VE3EID
N0TA,NA,United States,4,14080.00,20,+2,1724979676.895816,VE3EID
YV5OIE,SA,Venezuela,9,14080.00,20,-3,1724979677.020971,VE3EID
K4QAL,NA,United States,5,7074.00,40,+2,1724979683.245854,VE3EID
KJ5BSW,NA,United States,4,14074.00,20,+4,1724979683.568255,VE3EID
N9TD,NA,United States,4,14074.00,20,-10,1724979683.697842,VE3EID
W1BUS,NA,United States,5,14074.00,20,-9,1724979683.815335,VE3EID
PY2VA,SA,Brazil,11,21074.00,15,+12,1724979685.089121,VE3EID
AB6ME,NA,United States,3,21074.00,15,-15,1724979685.197467,VE3EID
N4RTL,NA,United States,4,14080.00,20,+12,1724979690.926134,VE3EID
VE3NOO,NA,Canada,4,14080.00,20,-12,1724979690.982028,VE3EID
PY2DTB,SA,Brazil,11,18100.00,17,+9,1724979694.854233,VE3EID
WB5RNS,NA,United States,4,7074.00,40,+7,1724979697.172785,VE3EID
AC2BI,NA,United States,5,7074.00,40,+8,1724979697.176476,VE3EID
N6YG,NA,United States,3,10131.00,30,-10,1724979697.671639,VE3EID
K3JT,NA,United States,5,10131.00,30,-12,1724979697.67625,VE3EID
KK4BZ,NA,United States,5,24910.00,12,-16,1724979697.718904,VE3EID
RY9C,AS,Asiatic Russia,17,7056.00,40,-16,1724979698.092393,VE3EID
N9DR,NA,United States,4,7056.00,40,+3,1724979698.094492,VE3EID
VE3BOK,NA,Canada,4,7056.00,40,+1,1724979698.158073,VE3EID
K5TH,NA,United States,4,7056.00,40,-7,1724979698.365473,VE3EID
KF0FBK,NA,United States,4,7056.00,40,-18,1724979698.477019,VE3EID
HC2EP,SA,Ecuador,10,21074.00,15,+2,1724979699.014302,VE3EID
UA0AV,AS,Asiatic Russia,18,21074.00,15,+12,1724979699.081978,VE3EID
JA8KSF,AS,Japan,25,21074.00,15,+1,1724979699.083823,VE3EID
K8TB,NA,United States,4,14074.00,20,+1,1724979699.191369,VE3EID
AE0NV,NA,United States,4,14074.00,20,-11,1724979699.630151,VE3EID
WA6IOF,NA,United States,3,14074.00,20,-11,1724979699.766083,VE3EID
4X5MZ,AS,Israel,20,14080.00,20,+5,1724979700.038143,VE3EID
PY2SAO,SA,Brazil,11,14074.00,20,-2,1724979700.448223,VE3EID
SP1IT,EU,Poland,15,7047.50,40,-14,1724979700.450057,VE3EID
SP6AXW,EU,Poland,15,10136.00,30,-4,1724979709.253867,VE3EID
WP3SN,NA,Puerto Rico,8,10136.00,30,-3,1724979709.255664,VE3EID
PI4HTC/R,EU,Netherlands,14,14074.00,20,-10,1724979711.425394,VE3EID
KE0QEQ,NA,United States,4,14074.00,20,-14,1724979711.428709,VE3EID
K0VN,NA,United States,4,14080.00,20,+5,1724979711.931434,VE3EID
KB2AS,NA,United States,5,14080.00,20,+5,1724979711.933053,VE3EID
KD5TKR,NA,United States,4,14080.00,20,+1,1724979712.047698,VE3EID
KN6KBS,NA,United States,3,14074.00,20,-2,1724979712.170699,VE3EID
JG1SYK,AS,Japan,25,21074.00,15,-8,1724979713.353013,VE3EID
XE1PM,NA,Mexico,6,14080.00,20,+18,1724979713.356935,VE3EID
KQ4RSH,NA,United States,5,14080.00,20,-1,1724979714.012754,VE3EID
JE1PNX,AS,Japan,25,18100.00,17,-6,1724979725.105401,VE3EID
N7QXB,NA,United States,3,7074.00,40,-1,1724979725.774738,VE3EID
NA6JD,NA,United States,3,7074.00,40,-16,1724979725.913989,VE3EID
KG8MR,NA,United States,4,7056.00,40,+6,1724979727.094667,VE3EID
UT5EL,EU,Ukraine,16,7056.00,40,+12,1724979727.224211,VE3EID
KC9GPY,NA,United States,4,7056.00,40,-1,1724979727.226874,VE3EID
W6UHQ,NA,United States,3,14074.00,20,+4,1724979727.825891,VE3EID
SP2EWQ,EU,Poland,15,14074.00,20,+3,1724979727.956967,VE3EID
KC1MMC,NA,United States,5,14074.00,20,-7,1724979728.088639,VE3EID
W5BCA,NA,United States,4,14074.00,20,-3,1724979728.089967,VE3EID
N6XOR,NA,United States,3,14074.00,20,+3,1724979728.403293,VE3EID
SM3ULU,EU,Sweden,14,14074.00,20,-19,1724979728.71186,VE3EID
LV2D,SA,Argentina,13,21074.00,15,+8,1724979729.631559,VE3EID
JR1BMG,AS,Japan,25,21074.00,15,-15,1724979729.67291,VE3EID
UA0A,AS,Asiatic Russia,18,21074.00,15,-3,1724979730.125834,VE3EID
HZ1LR,AS,Saudi Arabia,21,14080.00,20,+2,1724979739.257842,VE3EID
AC3FS,NA,United States,5,14074.00,20,-2,1724979747.142201,VE3EID
KI5QMY,NA,United States,4,14074.00,20,-2,1724979747.281653,VE3EID
AK6AS,NA,United States,3,14074.00,20,-17,1724979747.654248,VE3EID
YO6OXE,EU,Romania,20,14074.00,20,-9,1724979747.658453,VE3EID
AK6CS,NA,United States,3,14074.00,20,-4,1724979747.7566,VE3EID
KI0J,NA,United States,4,18100.00,17,+24,1724979747.896055,VE3EID
N9JR,NA,United States,4,18100.00,17,-7,1724979748.035955,VE3EID
KJ5DYS,NA,United States,4,7074.00,40,-14,1724979751.87868,VE3EID
HI3A,NA,Dominican Republic,8,14080.00,20,+4,1724979753.367084,VE3EID
YT2AAA,EU,Serbia,15,14080.00,20,+24,1724979753.370598,VE3EID
R9HAK,AS,Asiatic Russia,18,14080.00,20,+2,1724979755.54486,VE3EID
AB8PS,NA,United States,4,3573.00,80,-1,1724979755.545737,VE3EID
JA1XPQ,AS,Japan,25,18100.00,17,+15,1724979761.273308,VE3EID
WB4HUX,NA,United States,5,7056.00,40,-13,1724979764.412323,VE3EID
UX0DL,EU,Ukraine,16,7056.00,40,-9,1724979764.556689,VE3EID
KK7PZE,NA,United States,3,7056.00,40,-16,1724979764.718944,VE3EID
TM6M,EU,France,14,7074.00,40,-7,1724979765.573922,VE3EID
KC1JOL,NA,United States,5,7074.00,40,-5,1724979765.61959,VE3EID
AB6G,NA,United States,3,14080.00,20,+3,1724979766.261731,VE3EID
KK7UNF,NA,United States,3,21074.00,15,-6,1724979767.62291,VE3EID
ZL1OGX,OC,New Zealand,32,21074.00,15,-19,1724979767.824576,VE3EID
W2PA,NA,United States,5,18100.00,17,+0,1724979769.466109,VE3EID
WB3BOT,NA,United States,5,18100.00,17,-6,1724979769.63848,VE3EID
YO2MD,EU,Romania,20,14080.00,20,-8,1724979772.230658,VE3EID
W9BLB,NA,United States,4,10136.00,30,-6,1724979773.663854,VE3EID
W5QJ,NA,United States,4,10136.00,30,-12,1724979773.722345,VE3EID
KG8FM,NA,United States,4,14080.00,20,-13,1724979774.512271,VE3EID
KD7RNO,NA,United States,3,21074.00,15,+11,1724979775.507322,VE3EID
KA8G,NA,United States,4,21074.00,15,-12,1724979776.122185,VE3EID
W4LUF,NA,United States,5,10136.00,30,+1,1724979783.596644,VE3EID
VE3NI,NA,Canada,4,10136.00,30,-5,1724979783.69386,VE3EID
KC9BK,NA,United States,4,14074.00,20,-14,1724979786.25959,VE3EID
VU2UAT,AS,India,22,14074.00,20,-15,1724979786.47564,VE3EID
IZ8PPI,EU,Italy,15,14074.00,20,-8,1724979786.598045,VE3EID
LY2BBF,EU,Lithuania,15,14080.00,20,-1,1724979786.860682,VE3EID
KS9J,NA,United States,4,14074.00,20,-15,1724979787.039627,VE3EID
AL7LO,NA,Alaska,1,10131.00,30,-16,1724979787.59038,VE3EID
KB9YCK,NA,United States,4,7074.00,40,+15,1724979787.632259,VE3EID
KA5RBZ,NA,United States,4,7074.00,40,-8,1724979787.897156,VE3EID
N8WCP,NA,United States,4,7056.00,40,+12,1724979788.675159,VE3EID
RU7M,EU,European Russia,16,7056.00,40,+5,1724979788.677956,VE3EID
N4AKV,NA,United States,5,7056.00,40,-15,1724979788.800999,VE3EID
KK5JY,NA,United States,4,14080.00,20,+7,1724979789.740337,VE3EID
IZ8EFD,EU,Italy,15,14080.00,20,+4,1724979789.743789,VE3EID
IK2YJC,EU,Italy,15,10136.00,30,-13,1724979799.980556,VE3EID
N3FCP,NA,United States,5,18100.00,17,-3,1724979800.065413,VE3EID
W4VIC,NA,United States,5,18100.00,17,-7,1724979800.069022,VE3EID
WD8OQS,NA,United States,4,7074.00,40,+15,1724979800.392123,VE3EID
N4TQ,NA,United States,5,7074.00,40,+5,1724979800.539645,VE3EID
I1RJP,EU,Italy,15,7074.00,40,-6,1724979800.799851,VE3EID
KR4NO,NA,United States,5,3573.00,80,-6,1724979801.582735,VE3EID
KJ5FFF,NA,United States,4,14074.00,20,-4,1724979801.926207,VE3EID
9A4ZM,EU,Croatia,15,14074.00,20,-6,1724979802.233248,VE3EID
JA0FOX,AS,Japan,25,21074.00,15,-2,1724979803.696497,VE3EID
N6GEE,NA,United States,3,21074.00,15,+6,1724979803.802022,VE3EID
JA1JAN,AS,Japan,25,18100.00,17,+19,1724979815.680869,VE3EID
KG5E,NA,United States,4,18100.00,17,-13,1724979816.057785,VE3EID
W3DTP,NA,United States,5,10136.00,30,-15,1724979816.242872,VE3EID
AD0AA,NA,United States,4,7074.00,40,-14,1724979816.750127,VE3EID
WU8T,NA,United States,3,14080.00,20,+18,1724979817.797989,VE3EID
W1UE,NA,United States,5,14080.00,20,-5,1724979817.897659,VE3EID
K7DV,NA,United States,3,14074.00,20,-7,1724979818.207842,VE3EID
WA1HXH,NA,United States,5,14074.00,20,-8,1724979818.618707,VE3EID
W8YA,NA,United States,4,7056.00,40,+15,1724979818.718788,VE3EID
N5SA,NA,United States,4,7056.00,40,-5,1724979818.849576,VE3EID
OK1XP,EU,Czech Republic,15,7056.00,40,-4,1724979818.852694,VE3EID
KB8SW,NA,United States,4,7056.00,40,+14,1724979818.974888,VE3EID
PY2MST,SA,Brazil,11,7056.00,40,-12,1724979819.334741,VE3EID
W8YA,NA,United States,4,24910.00,12,-14,1724979819.39707,VE3EID
VE3SCP,NA,Canada,4,24910.00,12,-12,1724979819.523732,VE3EID
AD5CQ,NA,United States,4,3573.00,80,-19,1724979819.526761,VE3EID
RT5R,EU,European Russia,16,10131.00,30,-12,1724979819.676193,VE3EID
AJ6V,NA,United States,3,21140.00,15,+8,1724979819.814729,VE3EID
BG2GAH,AS,China,24,21074.00,15,-19,1724979820.138969,VE3EID
JG1GFU,AS,Japan,25,21074.00,15,-11,1724979820.142134,VE3EID
N3QE,NA,United States,5,14080.00,20,-3,1724979820.336696,VE3EID
KF0CUD,NA,United States,4,18100.00,17,-23,1724979829.881379,VE3EID
VK5EL,OC,Australia,30,18100.00,17,-19,1724979830.097027,VE3EID
KB9QOL,NA,United States,4,18100.00,17,-16,1724979830.100764,VE3EID
N1SFE,NA,United States,5,21140.00,15,-14,1724979830.598229,VE3EID
JA8AWH,AS,Japan,25,14074.00,20,-12,1724979831.314904,VE3EID
WI9WIS,NA,United States,4,10136.00,30,+7,1724979831.622092,VE3EID
K4QAL,NA,United States,5,10136.00,30,-1,1724979831.624872,VE3EID
LB1HI,EU,Norway,14,10136.00,30,-10,1724979831.626108,VE3EID
K4RVA,NA,United States,5,10136.00,30,-5,1724979831.808825,VE3EID
NA5M,NA,United States,4,14080.00,20,+12,1724979834.182053,VE3EID
LZ8DX,EU,Bulgaria,20,14080.00,20,-3,1724979834.235905,VE3EID
NN8B,NA,United States,4,1840.00,160,-20,1724979841.862049,VE3EID
VE3HLM,NA,Canada,4,7074.00,40,+20,1724979846.167371,VE3EID
WD4BLY,NA,United States,5,7074.00,40,-2,1724979846.171302,VE3EID
IW9FRA,EU,Sicily,15,14074.00,20,-14,1724979848.312794,VE3EID
W1DOH,NA,United States,5,14074.00,20,-3,1724979848.328326,VE3EID
LW6DIV,SA,Argentina,13,21074.00,15,+8,1724979849.951259,VE3EID
BD4MN,AS,China,24,21074.00,15,-7,1724979849.991743,VE3EID
YV5OIE,SA,Venezuela,9,14080.00,20,-6,1724979862.046524,VE3EID
OH1LA,EU,Finland,15,10136.00,30,-10,1724979866.215744,VE3EID
N7WRH,NA,United States,3,14074.00,20,+7,1724979874.527583,VE3EID
KF0RIK,NA,United States,4,14074.00,20,-17,1724979874.808294,VE3EID
F1PBZ,EU,France,14,7074.00,40,-14,1724979875.142139,VE3EID
VA3MJR,NA,Canada,4,18100.00,17,-7,1724979876.063509,VE3EID
JG2AIG,AS,Japan,25,18100.00,17,-11,1724979876.159182,VE3EID
N0TA,NA,United States,4,14080.00,20,+5,1724979876.273732,VE3EID
OE5WRO/P,EU,Austria,15,14080.00,20,-4,1724979876.423168,VE3EID
VE3NOO,NA,Canada,4,14080.00,20,-12,1724979876.426462,VE3EID
KC1ELD,NA,United States,5,14080.00,20,-11,1724979876.575422,VE3EID
KM6NFV,NA,United States,3,14074.00,20,-5,1724979884.731642,VE3EID
KQ4CIW,NA,United States,5,14074.00,20,-24,1724979884.839143,VE3EID
DG9XN,EU,Fed. Rep. of Germany,14,14074.00,20,-7,1724979885.165264,VE3EID
PU3MSR,SA,Brazil,11,21074.00,15,+16,1724979885.321533,VE3EID
K6PMG,NA,United States,3,21074.00,15,-3,1724979885.484865,VE3EID
AA8Y,NA,United States,4,14074.00,20,+3,1724979885.485614,VE3EID
JA3OMA,AS,Japan,25,18100.00,17,+10,1724979888.213213,VE3EID
JM4WUZ,AS,Japan,25,18100.00,17,-7,1724979888.366787,VE3EID
N4TLB,NA,United States,5,7074.00,40,+14,1724979890.502104,VE3EID
4X5MZ,AS,Israel,20,14080.00,20,+1,1724979890.913569,VE3EID
WB9RWL,NA,United States,4,14080.00,20,-14,1724979892.038418,VE3EID
VE3EQM,NA,Canada,4,14080.00,20,-5,1724979892.450776,VE3EID
WB5SKM,NA,United States,4,7056.00,40,+5,1724979892.53515,VE3EID
PY2OC,SA,Brazil,11,7056.00,40,-4,1724979892.701854,VE3EID
DK7ZT,EU,Fed. Rep. of Germany,14,10136.00,30,-3,1724979898.387196,VE3EID
K8CYV,NA,United States,4,10136.00,30,-12,1724979898.390814,VE3EID
JA6NRG,AS,Japan,25,21074.00,15,-19,1724979898.899117,VE3EID
N8UZ,NA,United States,4,14074.00,20,-11,1724979900.844971,VE3EID
6S5GJU/P,AS,Pakistan,21,7047.50,40,-21,1724979900.955389,VE3EID
KB2AS,NA,United States,5,14080.00,20,-2,1724979901.122719,VE3EID
K0VN,NA,United States,4,14080.00,20,+8,1724979901.125496,VE3EID
YO4ASD,EU,Romania,20,14080.00,20,-5,1724979901.256736,VE3EID
W1UE,NA,United States,5,21140.00,15,-1,1724979902.27936,VE3EID
VA2VT,NA,Canada,5,7074.00,40,+7,1724979902.586264,VE3EID
AA9RR,NA,United States,4,10136.00,30,-12,1724979906.579297,VE3EID
R3LC,EU,European Russia,16,7056.00,40,-8,1724979907.605001,VE3EID
PY5VB,SA,Brazil,11,7056.00,40,-3,1724979907.609181,VE3EID
CU3HY,EU,Azores,14,14074.00,20,+17,1724979907.910455,VE3EID
CX5ABZ,SA,Uruguay,13,14074.00,20,-3,1724979907.991299,VE3EID
KF5RUO,NA,United States,4,14074.00,20,+4,1724979908.319982,VE3EID
W9SX,NA,United States,4,10131.00,30,+15,1724979908.4253,VE3EID
AC2BI,NA,United States,5,18100.00,17,-8,1724979909.00934,VE3EID
